scan_center,rounded_datetime,cellindex,x,y,Area,Temp,Mask,Power,DQF,sinu_x,sinu_y
2019-08-02T22:25:36Z,2019-08-02T22:00:00Z,951153,-1522050.8924927502,5083189.662114111,NA,NA,32,NA,0,-5485412.699191905,7128185.250553736
2019-08-02T22:25:36Z,2019-08-02T22:00:00Z,1141097,-1313633.0916820457,5013049.056072047,NA,NA,14,92.3253402709961,0,-5545872.491335447,6796575.446057533
2019-08-02T22:25:36Z,2019-08-02T22:00:00Z,2562583,-516034.20011800434,4487996.519414311,NA,NA,15,NA,0,-6021439.653666167,5450852.392693768
2019-08-02T22:25:36Z,2019-08-02T22:00:00Z,3678669,-3037087.983001331,4075168.952423877,NA,NA,33,353.5128173828125,0,-9673586.231932938,4983749.157887391
2019-08-02T22:25:36Z,2019-08-02T22:00:00Z,3982545,-2772557.6973569756,3962943.982756575,NA,NA,15,NA,0,-9407195.233852217,4724204.783229091
2019-08-02T22:25:36Z,2019-08-02T22:00:00Z,4042110,-2970955.4115902423,3940899.792286212,NA,NA,15,NA,0,-9719939.26479693,4722460.7648607
2019-08-02T22:25:36Z,2019-08-02T22:00:00Z,4242791,-2984983.532798655,3866751.151613173,NA,NA,35,NA,0,-9821851.042762911,4597222.406899759
2019-08-02T22:25:36Z,2019-08-02T22:00:00Z,4454826,-1984978.892370372,3788594.476309159,NA,NA,15,NA,0,-8636280.892809004,4351679.775641663
2019-08-02T22:25:36Z,2019-08-02T22:00:00Z,4704138,-2369750.2169439797,3696409.679796732,NA,NA,15,NA,0,-9191655.82981835,4244919.469782327
2019-08-02T22:25:36Z,2019-08-02T22:00:00Z,5360620,-2013035.1347871977,3453923.58462274,NA,NA,30,99.7913589477539,0,-9021009.466297744,3866943.1905228347
2019-08-02T22:25:36Z,2019-08-02T22:00:00Z,5366044,-2013035.1347871977,3451919.567307252,NA,NA,30,106.95186614990234,0,-9022929.987413894,3864155.9408345106
2019-08-02T22:25:36Z,2019-08-02T22:00:00Z,5534266,-1856721.7841791692,3389795.030527138,NA,NA,34,54.328155517578125,0,-8906090.174989883,3769827.9939076975
2019-08-02T22:25:36Z,2019-08-02T22:00:00Z,5978796,-2333677.905265204,3225465.6106571597,NA,NA,35,NA,0,-9596424.019625474,3575730.700902656
2019-08-02T22:25:36Z,2019-08-02T22:00:00Z,6260838,-2345702.0091581293,3121256.7102518077,NA,NA,32,NA,0,-9695435.359249517,3438883.0463611125
2019-08-02T22:25:36Z,2019-08-02T22:00:00Z,6266262,-2345702.0091581293,3119252.6929363203,NA,NA,32,NA,0,-9697021.74364171,3436265.400558397
2019-08-02T22:25:36Z,2019-08-02T22:00:00Z,7231361,-3093200.467834982,2762537.610779538,NA,NA,30,43.055137634277344,0,-10882069.061214162,3029267.7007662044
2019-08-02T22:25:36Z,2019-08-02T22:00:00Z,7475604,-2766545.645410513,2672356.8315825984,NA,NA,15,NA,0,-10516688.826942265,2896625.3204829036
2019-08-02T22:25:36Z,2019-08-02T22:00:00Z,7600376,-2726465.2991007622,2626264.433326385,NA,NA,35,NA,0,-10494942.475343704,2838314.677200228
2019-08-02T22:25:36Z,2019-08-02T22:00:00Z,7687019,-3009031.7405845053,2594200.1562785846,NA,NA,10,42.5689811706543,0,-10870785.432331854,2815496.237045838
2019-08-02T22:25:36Z,2019-08-02T22:00:00Z,8213518,-2265541.3165386277,2399810.476676293,NA,NA,35,NA,0,-10079389.499906806,2549710.977007091
2019-08-02T22:25:36Z,2019-08-02T22:00:00Z,8614875,-2303617.645532891,2251513.195330215,NA,NA,33,47.257972717285156,0,-10200107.709159136,2380074.612056277
2019-08-02T22:25:36Z,2019-08-02T22:00:00Z,8918536,-2469951.082718357,2139288.2256629127,NA,NA,15,NA,0,-10446040.921749787,2257843.1441907766
2019-08-02T22:25:36Z,2019-08-02T22:00:00Z,9341497,-2692397.004737474,1982974.8750548842,NA,NA,30,30.25582504272461,0,-10777865.91572241,2089281.5449618155
2019-08-02T22:25:36Z,2019-08-02T22:00:00Z,9548028,-1852713.7495481945,1906822.2170663578,NA,NA,30,61.33403015136719,0,-9856397.83343405,1983081.1047380955
2019-08-02T22:25:36Z,2019-08-02T22:00:00Z,10475624,-1668344.1565233404,1564135.2561179884,NA,NA,32,NA,0,-9785980.067438219,1609901.065954861
2019-08-02T22:25:36Z,2019-08-02T22:00:00Z,10497334,-1640287.9141065148,1556119.1868560384,NA,NA,33,41.051048278808594,0,-9758800.815406421,1600991.7521011322
2019-08-02T22:25:36Z,2019-08-02T22:00:00Z,11175554,-1199404.104699256,1305617.0224200957,NA,NA,30,29.994192123413086,0,-9373322.303075448,1332441.3813943635
2019-08-02T22:25:36Z,2019-08-02T22:00:00Z,11236076,520042.7519890545,1283572.8319497327,NA,NA,32,NA,0,-7642442.912678552,1305854.3407751636
2019-08-02T22:25:36Z,2019-08-02T22:00:00Z,11561615,718440.4662223207,1163331.7930204803,NA,NA,30,28.382247924804688,0,-7473901.883663158,1181826.390999612
2019-08-02T22:25:36Z,2019-08-02T22:00:00Z,11827655,1247501.037511032,1065134.9445615904,NA,NA,30,52.60930633544922,0,-6956264.758934754,1083067.4356297941
2019-08-02T22:25:36Z,2019-08-02T22:00:00Z,11849343,1231468.8989871312,1057118.875299641,NA,NA,30,87.3998031616211,0,-6974753.574071729,1074691.8185838815
2019-08-02T22:25:36Z,2019-08-02T22:00:00Z,11854767,1231468.8989871312,1055114.8579841526,NA,NA,30,140.46685791015625,0,-6975222.677999061,1072623.5194409722
2019-08-02T22:25:36Z,2019-08-02T22:00:00Z,11860188,1225456.847040669,1053110.8406686652,NA,NA,30,43.7429084777832,0,-6981912.56514962,1070518.4897206407
2019-08-02T22:25:36Z,2019-08-02T22:00:00Z,12288186,227456.2239278732,894793.4727451494,NA,NA,30,19.2770938873291,0,-8027947.420367175,904688.8006452178
2019-08-02T22:25:36Z,2019-08-02T22:00:00Z,13893738,323649.0550712757,301604.3473608373,NA,NA,32,NA,0,-8006581.061220322,303548.02306175936
2019-08-02T22:25:36Z,2019-08-02T22:00:00Z,15309055,-371744.95340290107,-221444.17198141105,NA,NA,33,33.19797134399414,0,-8706241.017792275,-222826.42755659763
2019-08-02T22:25:36Z,2019-08-02T22:00:00Z,15614743,3524064.707904879,-333669.14164871257,NA,NA,33,36.04378890991211,0,-4444623.950979137,-346588.98511563195
2019-08-02T22:25:36Z,2019-08-02T22:00:00Z,15775467,-475953.853808254,-393789.6611133395,NA,NA,35,NA,0,-8799793.41537094,-396600.7451990511
2019-08-02T22:25:36Z,2019-08-02T22:00:00Z,15831391,2898811.305472765,-413829.8342682151,NA,NA,30,40.25120162963867,0,-5239033.554633843,-425174.5314717108
2019-08-02T22:25:36Z,2019-08-02T22:00:00Z,15902035,3163341.5911171213,-439882.0593695529,NA,NA,30,27.237844467163086,0,-4908291.639933487,-454003.63424140675
2019-08-02T22:25:36Z,2019-08-02T22:00:00Z,15961543,2850714.8899010643,-461926.2498399159,NA,NA,30,80.87584686279297,0,-5292024.803281439,-474383.14561791095
2019-08-02T22:25:36Z,2019-08-02T22:00:00Z,16080899,2906827.3747347156,-506014.6307806419,NA,NA,33,32.41817855834961,0,-5218930.236925485,-520269.58909207676
2019-08-02T22:25:36Z,2019-08-02T22:00:00Z,16156413,2061132.0675989734,-534070.8731974671,NA,NA,30,192.5874481201172,0,-6187122.481129567,-543381.0201592825
2019-08-02T22:25:36Z,2019-08-02T22:00:00Z,16156414,2063136.0849144608,-534070.8731974671,NA,NA,30,132.46119689941406,0,-6184928.4663103875,-543391.8902616687
2019-08-02T22:25:36Z,2019-08-02T22:00:00Z,16319593,2982980.0327232424,-594191.392662093,NA,NA,30,23.42426109313965,0,-5113795.026999658,-612104.1499107963
2019-08-02T22:25:36Z,2019-08-02T22:00:00Z,16379238,2944903.7037289795,-616235.583132456,NA,NA,30,27.00141143798828,0,-5157263.972391017,-634545.9890112245
2019-08-02T22:25:36Z,2019-08-02T22:00:00Z,16411251,1880770.5092050945,-628259.6870253813,NA,NA,30,167.91648864746094,0,-6370629.392428785,-638599.0622169673
2019-08-02T22:25:36Z,2019-08-02T22:00:00Z,16411252,1882774.526520582,-628259.6870253813,NA,NA,30,275.2380676269531,0,-6368468.9711986305,-638610.5701554676
2019-08-02T22:25:36Z,2019-08-02T22:00:00Z,16416675,1880770.5092050945,-630263.7043408696,NA,NA,30,181.37677001953125,0,-6370345.150931944,-640647.1099946476
2019-08-02T22:25:36Z,2019-08-02T22:00:00Z,16416676,1882774.526520582,-630263.7043408696,NA,NA,30,308.6328125,0,-6368184.69477625,-640658.655741928
2019-08-02T22:25:36Z,2019-08-02T22:00:00Z,16438573,2285582.0069335783,-638279.7736028191,NA,NA,30,161.87606811523438,0,-5924514.722693858,-651513.1555626323
2019-08-02T22:25:36Z,2019-08-02T22:00:00Z,16438574,2287586.0242490657,-638279.7736028191,NA,NA,30,107.42890167236328,0,-5922267.821671864,-651528.0035377413
2019-08-02T22:25:36Z,2019-08-02T22:00:00Z,16471417,2886787.20157984,-650303.8774957443,NA,NA,30,30.207286834716797,0,-5222811.502841818,-669222.3593940958
2019-08-02T22:25:36Z,2019-08-02T22:00:00Z,16487179,1864738.3706811946,-656315.9294422073,NA,NA,35,NA,0,-6383840.2394744065,-667185.7880334943
2019-08-02T22:25:36Z,2019-08-02T22:00:00Z,16514296,1858726.3187347315,-666336.0160196451,NA,NA,33,231.9423065185547,0,-6388818.996770093,-677397.0246734835
2019-08-02T22:25:36Z,2019-08-02T22:00:00Z,16519720,1858726.3187347315,-668340.0333351325,NA,NA,33,170.8894500732422,0,-6388517.610389123,-679446.7414390754
2019-08-02T22:25:36Z,2019-08-02T22:00:00Z,16530794,2311634.232034916,-672348.0679661073,NA,NA,30,29.3188533782959,0,-5890076.340907803,-686706.6323318967
2019-08-02T22:25:36Z,2019-08-02T22:00:00Z,16547158,2496003.8250597697,-678360.1199125703,NA,NA,14,16.894441604614258,0,-5679524.9043192705,-694439.169830409
2019-08-02T22:25:36Z,2019-08-02T22:00:00Z,16585031,2305622.180088453,-692388.2411209829,NA,NA,30,119.06039428710938,0,-5893655.6665056115,-707260.9688649873
2019-08-02T22:25:36Z,2019-08-02T22:00:00Z,16585036,2315642.266665891,-692388.2411209829,NA,NA,30,70.87128448486328,0,-5882384.654302103,-707342.8237039291
2019-08-02T22:25:36Z,2019-08-02T22:00:00Z,16590454,2303618.1627729656,-694392.2584364703,NA,NA,30,127.76009368896484,0,-5895585.128740762,-709305.4524337839
2019-08-02T22:25:36Z,2019-08-02T22:00:00Z,16590455,2305622.180088453,-694392.2584364703,NA,NA,30,201.70375061035156,0,-5893332.384091885,-709321.8176567015
2019-08-02T22:25:36Z,2019-08-02T22:00:00Z,16595878,2303618.1627729656,-696396.2757519577,NA,NA,30,264.16241455078125,0,-5895260.941109111,-711366.3730107631
2019-08-02T22:25:36Z,2019-08-02T22:00:00Z,16595879,2305622.180088453,-696396.2757519577,NA,NA,30,377.4483337402344,0,-5893008.145111465,-711382.7872798309
2019-08-02T22:25:36Z,2019-08-02T22:00:00Z,16595880,2307626.1974039413,-696396.2757519577,NA,NA,30,145.58045959472656,0,-5890754.846950775,-711399.2199004381
2019-08-02T22:25:36Z,2019-08-02T22:00:00Z,16601302,2303618.1627729656,-698400.293067445,NA,NA,30,301.3013610839844,0,-5894935.796871429,-713427.4147709691
2019-08-02T22:25:36Z,2019-08-02T22:00:00Z,16601303,2305622.180088453,-698400.293067445,NA,NA,30,557.3367919921875,0,-5892682.94936814,-713443.878102286
2019-08-02T22:25:36Z,2019-08-02T22:00:00Z,16601304,2307626.1974039413,-698400.293067445,NA,NA,30,240.54306030273438,0,-5890429.59963053,-713460.3598404558
2019-08-02T22:25:36Z,2019-08-02T22:00:00Z,16606714,2279569.954987115,-700404.3103829334,NA,NA,30,36.174461364746094,0,-5921605.570180866,-715291.8644616219
2019-08-02T22:25:36Z,2019-08-02T22:00:00Z,16606727,2305622.180088453,-700404.3103829334,NA,NA,30,153.46832275390625,0,-5892356.796665043,-715505.0904921546
2019-08-02T22:25:36Z,2019-08-02T22:00:00Z,16612157,2317646.283981379,-702408.3276984207,NA,NA,30,85.11376953125,0,-5878501.405380812,-717666.1831743509
2019-08-02T22:25:36Z,2019-08-02T22:00:00Z,16622747,1800609.816585593,-706416.3623293955,NA,NA,30,147.8828582763672,0,-6445037.940000506,-718048.7232639678
2019-08-02T22:25:36Z,2019-08-02T22:00:00Z,16628445,2349710.561029179,-708420.3796448829,NA,NA,30,49.88579177856445,0,-5841345.79071604,-724123.5093683628
2019-08-02T22:25:36Z,2019-08-02T22:00:00Z,16632521,-351704.78024802636,-710424.3969603712,NA,NA,30,344.3765869140625,0,-8638922.591582956,-716984.7737594526
2019-08-02T22:25:36Z,2019-08-02T22:00:00Z,16632522,-349700.76293253805,-710424.3969603712,NA,NA,30,206.68356323242188,0,-8636913.672443204,-716982.5288671545
2019-08-02T22:25:36Z,2019-08-02T22:00:00Z,16637945,-351704.78024802636,-712428.4142758586,NA,NA,30,254.26242065429688,0,-8638625.42264999,-719020.8777183229
2019-08-02T22:25:36Z,2019-08-02T22:00:00Z,16637946,-349700.76293253805,-712428.4142758586,NA,NA,32,NA,0,-8636616.490525791,-719018.6262681542
2019-08-02T22:25:36Z,2019-08-02T22:00:00Z,16650117,2301614.1454574782,-716436.4489068333,NA,NA,30,38.44602584838867,0,-5894219.234758693,-731965.4179078762
2019-08-02T22:25:36Z,2019-08-02T22:00:00Z,16655282,1782573.6607462056,-718440.4662223207,NA,NA,33,23.183555603027344,0,-6462425.978642095,-730244.0250861768
2019-08-02T22:25:36Z,2019-08-02T22:00:00Z,16655552,2323658.3359278413,-718440.4662223207,NA,NA,30,52.50726318359375,0,-5869075.26441863,-734214.9818890411
2019-08-02T22:25:36Z,2019-08-02T22:00:00Z,16660846,2063136.0849144608,-720444.4835378081,NA,NA,30,26.8688907623291,0,-6158261.706556679,-734200.7617921967
2019-08-02T22:25:36Z,2019-08-02T22:00:00Z,16660954,2279569.954987115,-720444.4835378081,NA,NA,33,21.425966262817383,0,-5918298.138946066,-735904.4068897241
2019-08-02T22:25:36Z,2019-08-02T22:00:00Z,16677153,2133276.6909565246,-726456.5354842711,NA,NA,30,67.53759765625,0,-6080073.720519378,-740905.739225592
2019-08-02T22:25:36Z,2019-08-02T22:00:00Z,16682564,2107224.465855187,-728460.5527997585,NA,NA,30,55.46792221069336,0,-6108472.846000198,-742763.3228896827
2019-08-02T22:25:36Z,2019-08-02T22:00:00Z,16698648,1730469.2105435291,-734472.6047462216,NA,NA,30,87.92310333251953,0,-6515459.597389962,-746333.8578857325
2019-08-02T22:25:36Z,2019-08-02T22:00:00Z,16704072,1730469.2105435291,-736476.622061709,NA,NA,30,110.00371551513672,0,-6515129.180988737,-748385.2948244187
2019-08-02T22:25:36Z,2019-08-02T22:00:00Z,16742022,1694396.8988647535,-750504.7432701215,NA,NA,33,22.956356048583984,0,-6551193.004892028,-762525.6561476929
2019-08-02T22:25:36Z,2019-08-02T22:00:00Z,16753013,1980971.3749794718,-754512.7779010963,NA,NA,30,28.383975982666016,0,-6242307.67113182,-768565.4032882559
2019-08-02T22:25:36Z,2019-08-02T22:00:00Z,16758299,1704416.9854421914,-756516.7952165846,NA,NA,33,91.78470611572266,0,-6539521.431938624,-768743.4791617744
2019-08-02T22:25:36Z,2019-08-02T22:00:00Z,16763711,1680368.777656341,-758520.812532072,NA,NA,35,NA,0,-6564746.180575433,-770647.4067658596
2019-08-02T22:25:36Z,2019-08-02T22:00:00Z,16769143,1696400.916180241,-760524.8298475593,NA,NA,35,NA,0,-6547367.223115115,-772798.4719387393
2019-08-02T22:25:36Z,2019-08-02T22:00:00Z,16780171,2057124.0329679986,-764532.8644785341,NA,NA,30,29.97829818725586,0,-6157362.52287421,-779436.9533705885
2019-08-02T22:25:36Z,2019-08-02T22:00:00Z,16790640,1297601.4703982202,-768540.8991095098,NA,NA,33,25.83384132385254,0,-6964381.348160284,-778832.7602636195
2019-08-02T22:25:36Z,2019-08-02T22:00:00Z,16790839,1696400.916180241,-768540.8991095098,NA,NA,33,90.56751251220703,0,-6545994.555836522,-781009.2309441792
2019-08-02T22:25:36Z,2019-08-02T22:00:00Z,16812523,1672352.7083943905,-776556.9683714593,NA,NA,33,197.3925018310547,0,-6570160.732148469,-789070.7575899452
2019-08-02T22:25:36Z,2019-08-02T22:00:00Z,16812529,1684376.8122873157,-776556.9683714593,NA,NA,33,90.05860900878906,0,-6557389.642191769,-789146.1067218577
2019-08-02T22:25:36Z,2019-08-02T22:00:00Z,16812530,1686380.829602803,-776556.9683714593,NA,NA,33,131.45343017578125,0,-6555260.0163618745,-789158.7247268561
2019-08-02T22:25:36Z,2019-08-02T22:00:00Z,16812749,2125260.621694575,-776556.9683714593,NA,NA,30,71.00505828857422,0,-6080263.174513098,-792350.5241059397
2019-08-02T22:25:36Z,2019-08-02T22:00:00Z,16817946,1670348.6910789032,-778560.9856869476,NA,NA,33,107.26321411132812,0,-6571939.463891523,-791111.3553719893
2019-08-02T22:25:36Z,2019-08-02T22:00:00Z,16817947,1672352.7083943905,-778560.9856869476,NA,NA,33,441.5817565917969,0,-6569812.01687217,-791123.8875363244
2019-08-02T22:25:36Z,2019-08-02T22:00:00Z,16817948,1674356.725709878,-778560.9856869476,NA,NA,33,119.95657348632812,0,-6567684.254580266,-791136.4368013989
2019-08-02T22:25:36Z,2019-08-02T22:00:00Z,16817950,1678364.7603408527,-778560.9856869476,NA,NA,33,140.5142822265625,0,-6563427.782190752,-791161.5866668845
2019-08-02T22:25:36Z,2019-08-02T22:00:00Z,16817951,1680368.777656341,-778560.9856869476,NA,NA,33,106.89141845703125,0,-6561299.071097833,-791174.187283894
2019-08-02T22:25:36Z,2019-08-02T22:00:00Z,16817953,1684376.8122873157,-778560.9856869476,NA,NA,33,195.68797302246094,0,-6557040.696623565,-791199.4399280347
2019-08-02T22:25:36Z,2019-08-02T22:00:00Z,16817954,1686380.829602803,-778560.9856869476,NA,NA,30,342.59149169921875,0,-6554911.032243773,-791212.0919718652
2019-08-02T22:25:36Z,2019-08-02T22:00:00Z,16839868,2123256.6043790868,-786577.0549488971,NA,NA,30,115.0781021118164,0,-6080672.64131519,-802644.9851802344
2019-08-02T22:25:36Z,2019-08-02T22:00:00Z,16839869,2125260.621694575,-786577.0549488971,NA,NA,30,133.15438842773438,0,-6078459.9890421815,-802661.8041005448
2019-08-02T22:25:36Z,2019-08-02T22:00:00Z,16861282,1558123.7214116007,-794593.1242108475,NA,NA,30,28.799484252929688,0,-6687782.456246089,-806851.6001080655
2019-08-02T22:25:36Z,2019-08-02T22:00:00Z,16866739,1624256.2928226897,-796597.1415263349,NA,NA,33,28.720163345336914,0,-6617613.061839583,-809304.7788250131
2019-08-02T22:25:36Z,2019-08-02T22:00:00Z,16882060,-281564.17420596164,-802609.193472798,NA,NA,30,33.28030776977539,0,-8554059.751173314,-810690.3496475619
2019-08-02T22:25:36Z,2019-08-02T22:00:00Z,16888451,1656320.5698704906,-804613.2107882854,NA,NA,30,60.37405776977539,0,-6582209.36189673,-817723.4226149655
2019-08-02T22:25:36Z,2019-08-02T22:00:00Z,16909309,-23045.94050806947,-812629.2800502349,NA,NA,30,45.92250442504883,0,-8293579.792761553,-820755.2326514139
2019-08-02T22:25:36Z,2019-08-02T22:00:00Z,16942904,2083176.2580693364,-824653.383943161,NA,NA,30,168.11065673828125,0,-6117784.935332702,-841509.2869389352
2019-08-02T22:25:36Z,2019-08-02T22:00:00Z,16948315,2057124.0329679986,-826657.4012586484,NA,NA,30,60.685115814208984,0,-6146029.810229858,-843350.5005225377
2019-08-02T22:25:36Z,2019-08-02T22:00:00Z,16948328,2083176.2580693364,-826657.4012586484,NA,NA,30,785.66058349609375,0,-6117404.429633953,-843573.6734622827
2019-08-02T22:25:36Z,2019-08-02T22:00:00Z,16948329,2085180.2753848238,-826657.4012586484,NA,NA,30,363.1969909667969,0,-6115199.475117465,-843590.9831484455
2019-08-02T22:25:36Z,2019-08-02T22:00:00Z,16953485,1548103.634834163,-828661.4185741358,NA,NA,30,86.5008773803711,0,-6692177.260762476,-841700.6062575708
2019-08-02T22:25:36Z,2019-08-02T22:00:00Z,16953752,2083176.2580693364,-828661.4185741358,NA,NA,33,167.60353088378906,0,-6117022.969773768,-845638.2034747548
2019-08-02T22:25:36Z,2019-08-02T22:00:00Z,16953753,2085180.2753848238,-828661.4185741358,NA,NA,30,98.82027435302734,0,-6114817.961978982,-845655.5573679883
2019-08-02T22:25:36Z,2019-08-02T22:00:00Z,16970301,2638289.0544593856,-834673.4705205979,NA,NA,10,23.262659072875977,0,-5486061.643683182,-857517.3950737924
2019-08-02T22:25:36Z,2019-08-02T22:00:00Z,16980868,2075160.188807386,-838681.5051515736,NA,NA,30,29.507659912109375,0,-6123918.143148343,-855892.9254311124
2019-08-02T22:25:36Z,2019-08-02T22:00:00Z,17078523,2121252.5870635994,-874753.8168303492,NA,NA,30,25.39966583251953,0,-6065991.545294482,-893515.717524829
2019-08-02T22:25:36Z,2019-08-02T22:00:00Z,17100474,2632277.0025129225,-882769.8860922996,NA,NA,30,61.18897247314453,0,-5483161.73080772,-907392.9757141623
2019-08-02T22:25:36Z,2019-08-02T22:00:00Z,17111478,2944903.7037289795,-886777.9207232744,NA,NA,30,22.123483657836914,0,-5106780.800951064,-915847.9666998937
2019-08-02T22:25:36Z,2019-08-02T22:00:00Z,17116160,1457922.8556372235,-888781.9380387617,NA,NA,35,NA,0,-6775378.272024205,-902827.3908782388
2019-08-02T22:25:36Z,2019-08-02T22:00:00Z,17138182,2111232.5004861616,-896798.0073007122,NA,NA,30,84.925079345703125,0,-6072547.514737652,-916186.4625849236
2019-08-02T22:25:36Z,2019-08-02T22:00:00Z,17208269,1259525.1414039573,-922850.2324020499,NA,NA,30,122.19535827636719,0,-6975099.749135037,-936649.0136804716
2019-08-02T22:25:36Z,2019-08-02T22:00:00Z,17213693,1259525.1414039573,-924854.2497175373,NA,NA,30,172.12911987304688,0,-6974691.373594479,-938706.5606116558
2019-08-02T22:25:36Z,2019-08-02T22:00:00Z,17213694,1261529.1587194446,-924854.2497175373,NA,NA,30,93.95916748046875,0,-6972616.337678205,-938717.5659075014
2019-08-02T22:25:36Z,2019-08-02T22:00:00Z,17219803,2634281.01982841,-926858.2670330256,NA,NA,30,36.30035400390625,0,-5471172.528631818,-953284.9768950953
2019-08-02T22:25:36Z,2019-08-02T22:00:00Z,17220005,3039092.5175568927,-926858.2670330256,NA,NA,30,26.2346248626709,0,-4980738.365486801,-959261.095700744
2019-08-02T22:25:36Z,2019-08-02T22:00:00Z,17246059,902810.0592471743,-936878.3536104625,NA,NA,30,78.74761199951172,0,-7338403.981799345,-949367.2749878517
2019-08-02T22:25:36Z,2019-08-02T22:00:00Z,17305310,75150.9079508204,-958922.5440808255,NA,NA,30,26.649625778198242,0,-8167872.314219786,-970196.4336300212
2019-08-02T22:25:36Z,2019-08-02T22:00:00Z,17316800,1361730.024493822,-962930.5787118012,NA,NA,30,285.780517578125,0,-6860597.157355553,-978441.189588218
2019-08-02T22:25:36Z,2019-08-02T22:00:00Z,17316801,1363734.0418093093,-962930.5787118012,NA,NA,30,177.85154724121094,0,-6858509.336873821,-978453.6901663804
2019-08-02T22:25:36Z,2019-08-02T22:00:00Z,17322224,1361730.024493822,-964934.5960272886,NA,NA,33,87.35169219970703,0,-6860168.34867949,-980503.2900448422
2019-08-02T22:25:36Z,2019-08-02T22:00:00Z,17327617,1299605.4877137076,-966938.613342776,NA,NA,35,NA,0,-6924342.738351843,-982186.2533576976
2019-08-02T22:25:36Z,2019-08-02T22:00:00Z,17350058,2792598.3877519257,-974954.6826047264,NA,NA,30,32.752750396728516,0,-5271763.966744219,-1005724.3493233488
2019-08-02T22:25:36Z,2019-08-02T22:00:00Z,17354767,1359726.0071783336,-976958.6999202138,NA,NA,30,103.99329376220703,0,-6859663.809958541,-992866.6790368618
2019-08-02T22:25:36Z,2019-08-02T22:00:00Z,17371038,1357721.9898628462,-982970.7518666759,NA,NA,35,NA,0,-6860442.890043564,-999044.1314192327
2019-08-02T22:25:36Z,2019-08-02T22:00:00Z,17392810,1510027.3058399,-990986.8211286264,NA,NA,30,57.026126861572266,0,-6699267.554260254,-1008335.9674731262
2019-08-02T22:25:36Z,2019-08-02T22:00:00Z,17398804,2652317.175667798,-992990.8384441137,NA,NA,30,52.63503646850586,0,-5434547.525208407,-1022498.3756847082
2019-08-02T22:25:36Z,2019-08-02T22:00:00Z,17404318,2832678.734061677,-994994.8557596011,NA,NA,30,132.29779052734375,0,-5218486.374436079,-1027323.0640622805
2019-08-02T22:25:36Z,2019-08-02T22:00:00Z,17409110,1566139.7906735511,-996998.8730750894,NA,NA,30,18.12469482421875,0,-6638793.333888481,-1014951.5411716254
2019-08-02T22:25:36Z,2019-08-02T22:00:00Z,17414435,1367742.076440284,-999002.8903905768,NA,NA,30,77.886199951171875,0,-6846469.69289187,-1015623.4991257446
2019-08-02T22:25:36Z,2019-08-02T22:00:00Z,17420067,1784577.678061693,-1001006.9077060642,NA,NA,30,20.88749885559082,0,-6405370.31051264,-1020875.9279099442
2019-08-02T22:25:36Z,2019-08-02T22:00:00Z,17436747,2602216.742780609,-1007018.9596525272,NA,NA,30,90.37071228027344,0,-5490045.537295992,-1036431.3377371415
2019-08-02T22:25:36Z,2019-08-02T22:00:00Z,17442170,2600212.7254651217,-1009022.9769680146,NA,NA,30,96.07295989990234,0,-5491904.586625993,-1038495.6254009929
2019-08-02T22:25:36Z,2019-08-02T22:00:00Z,17442171,2602216.742780609,-1009022.9769680146,NA,NA,30,78.29766845703125,0,-5489556.568422963,-1038524.1996741921
2019-08-02T22:25:36Z,2019-08-02T22:00:00Z,17447258,1926862.907461308,-1011026.994283502,NA,NA,30,36.32406234741211,0,-6249397.546858409,-1032563.8631379072
2019-08-02T22:25:36Z,2019-08-02T22:00:00Z,17452473,1508023.2885244116,-1013031.0115989894,NA,NA,30,142.7722625732422,0,-6696428.612541424,-1031063.5293414016
2019-08-02T22:25:36Z,2019-08-02T22:00:00Z,17452474,1510027.3058399,-1013031.0115989894,NA,NA,30,142.88604736328125,0,-6694320.386876715,-1031078.296412477
2019-08-02T22:25:36Z,2019-08-02T22:00:00Z,17457638,988982.803813139,-1015035.0289144767,NA,NA,30,45.369171142578125,0,-7233799.00354859,-1030010.4601190244
2019-08-02T22:25:36Z,2019-08-02T22:00:00Z,17458512,2740493.93754925,-1015035.0289144767,NA,NA,30,34.42994689941406,0,-5324446.434987797,-1046864.4034308023
2019-08-02T22:25:36Z,2019-08-02T22:00:00Z,17463082,1029063.1501228893,-1017039.0462299641,NA,NA,30,107.42984771728516,0,-7192324.240541529,-1032264.8910186501
2019-08-02T22:25:36Z,2019-08-02T22:00:00Z,17463194,1253513.0894574942,-1017039.0462299641,NA,NA,30,122.32892608642578,0,-6961135.758928129,-1033492.1794292569
2019-08-02T22:25:36Z,2019-08-02T22:00:00Z,17468506,1029063.1501228893,-1019043.0635454524,NA,NA,30,127.91124725341797,0,-7191876.606028962,-1034327.5028831261
2019-08-02T22:25:36Z,2019-08-02T22:00:00Z,17490084,792589.1068953602,-1027059.1328074019,NA,NA,30,29.016374588012695,0,-7431219.513942577,-1041548.3798586151
2019-08-02T22:25:36Z,2019-08-02T22:00:00Z,17506796,1674356.725709878,-1033071.184753865,NA,NA,30,21.97981071472168,0,-6515804.4392055515,-1053084.9396383192
2019-08-02T22:25:36Z,2019-08-02T22:00:00Z,17538853,698400.293067445,-1045095.2886467902,NA,NA,34,15.437460899353027,0,-7522646.286748839,-1059766.1761437745
2019-08-02T22:25:36Z,2019-08-02T22:00:00Z,17538954,900806.0419316869,-1045095.2886467902,NA,NA,30,25.804536819458008,0,-7317055.832698484,-1060552.201381746
2019-08-02T22:25:36Z,2019-08-02T22:00:00Z,17544853,1852714.2667882694,-1047099.3059622776,NA,NA,30,48.320556640625,0,-6321231.999243847,-1069225.674039031
2019-08-02T22:25:36Z,2019-08-02T22:00:00Z,17549760,816637.3146812106,-1049103.323277765,NA,NA,30,23.633399963378906,0,-7401807.350782066,-1064326.7794648036
2019-08-02T22:25:36Z,2019-08-02T22:00:00Z,17555333,1115235.894688854,-1051107.3405932523,NA,NA,33,70.879119873046875,0,-7096101.098527338,-1067809.8967879165
2019-08-02T22:25:36Z,2019-08-02T22:00:00Z,17587753,866737.7475683987,-1063131.4444861775,NA,NA,10,19.647167205810547,0,-7347608.783837423,-1078983.4972890068
2019-08-02T22:25:36Z,2019-08-02T22:00:00Z,17599144,1954919.149878134,-1067139.4791171532,NA,NA,30,20.164695739746094,0,-6205446.535127278,-1091050.873305486
2019-08-02T22:25:36Z,2019-08-02T22:00:00Z,17599524,2716445.729763399,-1067139.4791171532,NA,NA,30,51.87498092651367,0,-5339831.809264977,-1101085.7040813272
2019-08-02T22:25:36Z,2019-08-02T22:00:00Z,17659077,2493999.8077442823,-1089183.6695875162,NA,NA,30,24.942115783691406,0,-5595261.413146543,-1120764.5442848264
2019-08-02T22:25:36Z,2019-08-02T22:00:00Z,17663168,-177355.27380060963,-1091187.6869030036,NA,NA,30,24.49823760986328,0,-8391990.69880645,-1106091.1955060759
2019-08-02T22:25:36Z,2019-08-02T22:00:00Z,17663691,870745.7821993744,-1091187.6869030036,NA,NA,33,30.54011344909668,0,-7336916.773764386,-1107929.4646860315
2019-08-02T22:25:36Z,2019-08-02T22:00:00Z,17685530,1157320.2583140926,-1099203.756164954,NA,NA,33,92.14801025390625,0,-7041318.387045597,-1117706.2476182252
2019-08-02T22:25:36Z,2019-08-02T22:00:00Z,17690953,1155316.2409986053,-1101207.7734804414,NA,NA,30,114.47147369384766,0,-7042897.312742572,-1119765.5909558227
2019-08-02T22:25:36Z,2019-08-02T22:00:00Z,17690954,1157320.2583140926,-1101207.7734804414,NA,NA,33,237.66064453125,0,-7040830.161952667,-1119777.6972881218
2019-08-02T22:25:36Z,2019-08-02T22:00:00Z,17713428,2716445.729763399,-1109223.8427423919,NA,NA,33,33.94404220581055,0,-5328567.4063631995,-1145276.0996088816
2019-08-02T22:25:36Z,2019-08-02T22:00:00Z,17772836,2203417.2969985884,-1131268.033212754,NA,NA,10,24.016674041748047,0,-5914631.511394358,-1160759.7185631313
2019-08-02T22:25:36Z,2019-08-02T22:00:00Z,17799410,1109223.8427423919,-1141288.1197901918,NA,NA,33,71.20000457763672,0,-7080442.809699158,-1160951.1693363902
2019-08-02T22:25:36Z,2019-08-02T22:00:00Z,17799424,1137280.085159217,-1141288.1197901918,NA,NA,30,102.99695587158203,0,-7051538.488363481,-1161122.06239771
2019-08-02T22:25:36Z,2019-08-02T22:00:00Z,17831984,1169344.3622070178,-1153312.223683117,NA,NA,33,24.88104820251465,0,-7015391.863354291,-1173779.780789242
2019-08-02T22:25:36Z,2019-08-02T22:00:00Z,17837868,2091192.3273312869,-1155316.2409986053,NA,NA,33,30.57685661315918,0,-6033039.1051307,-1184456.051665458
2019-08-02T22:25:36Z,2019-08-02T22:00:00Z,17875152,720444.4835378081,-1169344.3622070178,NA,NA,34,17.9103946685791,0,-7470336.792762668,-1188055.640689247
2019-08-02T22:25:36Z,2019-08-02T22:00:00Z,17891827,1528063.4616792873,-1175356.41415348,NA,NA,30,100.26024627685547,0,-6635328.618770099,-1199385.086397591
2019-08-02T22:25:36Z,2019-08-02T22:00:00Z,17897250,1526059.4443637999,-1177360.4314689673,NA,NA,30,99.2530288696289,0,-6636910.323208002,-1201451.6889768261
2019-08-02T22:25:36Z,2019-08-02T22:00:00Z,17930115,2169349.002635301,-1189384.5353618935,NA,NA,34,18.399024963378906,0,-5936819.982346569,-1221101.3669348455
2019-08-02T22:25:36Z,2019-08-02T22:00:00Z,17935782,2656325.210298773,-1191388.5526773809,NA,NA,30,27.530166625976562,0,-5376824.052338544,-1230743.210006137
2019-08-02T22:25:36Z,2019-08-02T22:00:00Z,17961595,37074.57895655651,-1201408.6392548187,NA,NA,34,31.91954803466797,0,-8150067.6890455345,-1219813.9677791027
2019-08-02T22:25:36Z,2019-08-02T22:00:00Z,17984485,2429871.2536486806,-1209424.7085167682,NA,NA,30,25.92439079284668,0,-5635974.7644568505,-1245948.1611502
2019-08-02T22:25:36Z,2019-08-02T22:00:00Z,17989695,2001011.5481343474,-1211428.7258322556,NA,NA,30,19.510446548461914,0,-6116915.048469999,-1242002.8995293034
2019-08-02T22:25:36Z,2019-08-02T22:00:00Z,17995339,2441895.357541606,-1213432.7431477439,NA,NA,30,60.085872650146484,0,-5620957.213128896,-1250357.2270355166
2019-08-02T22:25:36Z,2019-08-02T22:00:00Z,18033082,1990991.4615569096,-1227460.8643561564,NA,NA,30,25.72454833984375,0,-6123352.261817044,-1258662.041040985
2019-08-02T22:25:36Z,2019-08-02T22:00:00Z,18049631,2546104.2579469588,-1233472.9163026186,NA,NA,30,218.11805725097656,0,-5494068.479567844,-1273210.2795421332
2019-08-02T22:25:36Z,2019-08-02T22:00:00Z,18049633,2550112.2925779335,-1233472.9163026186,NA,NA,30,113.04752349853516,0,-5489382.516409691,-1273279.6374311685
2019-08-02T22:25:36Z,2019-08-02T22:00:00Z,18087273,1892794.6130980197,-1247501.037511032,NA,NA,30,39.72003173828125,0,-6224827.253266494,-1278445.2177426969
2019-08-02T22:25:36Z,2019-08-02T22:00:00Z,18109101,2157324.898742375,-1255517.1067729816,NA,NA,33,20.658525466918945,0,-5931160.9648537105,-1290314.801606977
2019-08-02T22:25:36Z,2019-08-02T22:00:00Z,18147068,2155320.8814268876,-1269545.227981395,NA,NA,30,158.9564666748047,0,-5929209.810023267,-1305033.5782846177
2019-08-02T22:25:36Z,2019-08-02T22:00:00Z,18174097,1972955.3057175213,-1279565.314558832,NA,NA,30,59.97281265258789,0,-6127884.572272023,-1313071.3436927171
2019-08-02T22:25:36Z,2019-08-02T22:00:00Z,18190479,2193397.2104211515,-1285577.366505295,NA,NA,33,22.23602294921875,0,-5881762.817108653,-1322461.9160684173
2019-08-02T22:25:36Z,2019-08-02T22:00:00Z,18190480,2195401.227736639,-1285577.366505295,NA,NA,30,23.865026473999023,0,-5879515.862728544,-1322491.7535343918
2019-08-02T22:25:36Z,2019-08-02T22:00:00Z,18212428,2700413.591239499,-1293593.4357672455,NA,NA,30,22.96056365966797,0,-5292894.8838326475,-1339689.5666067973
2019-08-02T22:25:36Z,2019-08-02T22:00:00Z,18304608,2644301.1064058477,-1327661.7301305337,NA,NA,30,32.1884880065918,0,-5348703.788364625,-1374754.2894607126
2019-08-02T22:25:36Z,2019-08-02T22:00:00Z,18335885,105211.16768313292,-1339685.8340234589,NA,NA,30,18.983999252319336,0,-8043783.650071724,-1363495.991213135
2019-08-02T22:25:36Z,2019-08-02T22:00:00Z,18342513,2518048.0155301327,-1341689.8513389463,NA,NA,30,24.933807373046875,0,-5492770.7285972005,-1387216.337018638
2019-08-02T22:25:36Z,2019-08-02T22:00:00Z,18358754,2455923.4787500193,-1347701.9032854084,NA,NA,30,56.62534713745117,0,-5563043.812338819,-1392447.4067424887
2019-08-02T22:25:36Z,2019-08-02T22:00:00Z,18369172,1594196.0330903763,-1351709.937916384,NA,NA,33,108.27772521972656,0,-6514524.42814548,-1384330.6733022113
2019-08-02T22:25:36Z,2019-08-02T22:00:00Z,18374595,1592192.015774889,-1353713.9552318715,NA,NA,30,408.26123046875,0,-6516032.800133649,-1386414.244966639
2019-08-02T22:25:36Z,2019-08-02T22:00:00Z,18374596,1594196.0330903763,-1353713.9552318715,NA,NA,30,1420.172119140625,0,-6513902.479649496,-1386435.8709269546
2019-08-02T22:25:36Z,2019-08-02T22:00:00Z,18374597,1596200.0504058637,-1353713.9552318715,NA,NA,30,233.19805908203125,0,-6511771.844349403,-1386457.527629413
2019-08-02T22:25:36Z,2019-08-02T22:00:00Z,18374986,2375762.7861305177,-1353713.9552318715,NA,NA,33,73.22557830810547,0,-5653459.74631204,-1397390.5019668702
2019-08-02T22:25:36Z,2019-08-02T22:00:00Z,18380020,1594196.0330903763,-1355717.9725473588,NA,NA,30,246.11878967285156,0,-6513279.527838274,-1388541.313056759
2019-08-02T22:25:36Z,2019-08-02T22:00:00Z,18384671,45090.64821850695,-1357721.9898628462,NA,NA,32,NA,0,-8098855.739582255,-1382283.7609746968
2019-08-02T22:25:36Z,2019-08-02T22:00:00Z,18401345,850705.6090444988,-1363734.0418093093,NA,NA,30,93.90350341796875,0,-7283576.0335788615,-1390896.105689367
2019-08-02T22:25:36Z,2019-08-02T22:00:00Z,18494454,2656325.210298773,-1397802.3361725975,NA,NA,30,25.06264305114746,0,-5310614.061653226,-1449692.488455851
2019-08-02T22:25:36Z,2019-08-02T22:00:00Z,18509442,83166.97721277084,-1403814.3881190596,NA,NA,32,NA,0,-8046799.548830192,-1430473.7725832963
2019-08-02T22:25:36Z,2019-08-02T22:00:00Z,18509443,85170.99452825822,-1403814.3881190596,NA,NA,34,59.031639099121094,0,-8044787.03913737,-1430474.8917770465
2019-08-02T22:25:36Z,2019-08-02T22:00:00Z,18514883,117235.27157605905,-1405818.405434548,NA,NA,34,19.00963020324707,0,-8011970.185622219,-1432593.9266090589
2019-08-02T22:25:36Z,2019-08-02T22:00:00Z,18548603,2473959.6345894067,-1417842.5093274731,NA,NA,30,142.79177856445312,0,-5518380.002246296,-1467354.8648510855
2019-08-02T22:25:36Z,2019-08-02T22:00:00Z,18554026,2471955.6172739193,-1419846.5266429605,NA,NA,30,211.7931365966797,0,-5520013.005985871,-1469451.337295283
2019-08-02T22:25:36Z,2019-08-02T22:00:00Z,18554027,2473959.6345894067,-1419846.5266429605,NA,NA,30,320.2257080078125,0,-5517681.956267799,-1469490.472912354
2019-08-02T22:25:36Z,2019-08-02T22:00:00Z,18581190,2560132.3791553713,-1429866.6132203983,NA,NA,33,28.30877113342285,0,-5413315.526591141,-1481911.145063055
2019-08-02T22:25:36Z,2019-08-02T22:00:00Z,18602163,1111227.8600578792,-1437882.6824823478,NA,NA,33,36.094337463378906,0,-6992899.840704413,-1470414.3728584007
2019-08-02T22:25:36Z,2019-08-02T22:00:00Z,18612888,864733.7302529113,-1441890.7171133235,NA,NA,33,31.26309585571289,0,-7244823.136968711,-1472925.446305607
2019-08-02T22:25:36Z,2019-08-02T22:00:00Z,18614026,3145305.435277734,-1441890.7171133235,NA,NA,30,125.11884307861328,0,-4686955.396424557,-1509105.316845572
2019-08-02T22:25:36Z,2019-08-02T22:00:00Z,18726907,1095195.7215339784,-1483975.0807385612,NA,NA,30,124.63346862792969,0,-6994256.653266247,-1518848.9056838488
2019-08-02T22:25:36Z,2019-08-02T22:00:00Z,18743436,1610228.1716142762,-1489987.1326850243,NA,NA,33,43.55246353149414,0,-6452141.923674494,-1530380.764743715
2019-08-02T22:25:36Z,2019-08-02T22:00:00Z,18791569,241484.34513628576,-1508023.2885244116,NA,NA,30,34.243385314941406,0,-7854432.886515428,-1540064.8405925368
2019-08-02T22:25:36Z,2019-08-02T22:00:00Z,18803628,2668349.314191698,-1512031.3231553873,NA,NA,30,27.2631778717041,0,-5254539.3949405635,-1572351.021229086
2019-08-02T22:25:36Z,2019-08-02T22:00:00Z,18862098,275552.63949957397,-1534075.5136257503,NA,NA,13,40.077823638916016,0,-7811395.352347717,-1567596.4101896414
2019-08-02T22:25:36Z,2019-08-02T22:00:00Z,18863140,2363738.6822375925,-1534075.5136257503,NA,NA,30,29.798381805419922,0,-5603804.685721525,-1589397.5247539626
2019-08-02T22:25:36Z,2019-08-02T22:00:00Z,18868692,2620252.8986199973,-1536079.5309412377,NA,NA,30,34.965660095214844,0,-5302799.254975242,-1597108.9364295145
2019-08-02T22:25:36Z,2019-08-02T22:00:00Z,18874141,2670353.3315071855,-1538083.548256725,NA,NA,30,39.48671340942383,0,-5242102.038571317,-1600449.343695467
2019-08-02T22:25:36Z,2019-08-02T22:00:00Z,18889909,1660328.6045014653,-1544095.6002031881,NA,NA,33,54.740455627441406,0,-6379468.536837763,-1588460.5394429245
2019-08-02T22:25:36Z,2019-08-02T22:00:00Z,19009312,1810629.9031630307,-1588183.9811439142,NA,NA,33,76.28787994384766,0,-6201046.626957486,-1637590.0584676703
2019-08-02T22:25:36Z,2019-08-02T22:00:00Z,19025582,1806621.868532056,-1594196.0330903763,NA,NA,35,NA,0,-6203140.045515999,-1643955.7125418866
2019-08-02T22:25:36Z,2019-08-02T22:00:00Z,19166281,1155316.2409986053,-1646300.4832930528,NA,NA,30,44.61884689331055,0,-6874120.90694145,-1691587.5891574486
2019-08-02T22:25:36Z,2019-08-02T22:00:00Z,19264585,2502015.8770062327,-1682372.7949718283,NA,NA,34,24.118249893188477,0,-5383624.796727215,-1752488.4546439839
2019-08-02T22:25:36Z,2019-08-02T22:00:00Z,19269565,1612232.1889297646,-1684376.8122873157,NA,NA,30,50.66144943237305,0,-6377919.903970655,-1737735.9436343107
2019-08-02T22:25:36Z,2019-08-02T22:00:00Z,19307534,1614236.206245252,-1698404.9334957283,NA,NA,33,60.77443313598633,0,-6370183.153328045,-1752838.683546541
2019-08-02T22:25:36Z,2019-08-02T22:00:00Z,19318291,1431870.6305358857,-1702412.968126704,NA,NA,14,23.003393173217773,0,-6562665.067062038,-1754694.332107591
2019-08-02T22:25:36Z,2019-08-02T22:00:00Z,19394202,1381770.1976486966,-1730469.2105435291,NA,NA,30,28.489429473876953,0,-6604316.622404465,-1784220.6159805632
2019-08-02T22:25:36Z,2019-08-02T22:00:00Z,19421398,1534075.5136257503,-1740489.297120967,NA,NA,33,164.8229217529297,0,-6438796.405516071,-1797007.8215467895
2019-08-02T22:25:36Z,2019-08-02T22:00:00Z,19421399,1536079.5309412377,-1740489.297120967,NA,NA,30,411.4504699707031,0,-6436660.175085343,-1797035.7797615477
2019-08-02T22:25:36Z,2019-08-02T22:00:00Z,19421400,1538083.548256725,-1740489.297120967,NA,NA,30,314.730712890625,0,-6434523.625251784,-1797063.7790637976
2019-08-02T22:25:36Z,2019-08-02T22:00:00Z,19426384,656315.9294422073,-1742493.3144364543,NA,NA,33,59.71726608276367,0,-7349620.5042188885,-1790634.6742792379
2019-08-02T22:25:36Z,2019-08-02T22:00:00Z,19426769,1427862.59590491,-1742493.3144364543,NA,NA,30,79.7877426147461,0,-6550755.436933848,-1797742.39257582
2019-08-02T22:25:36Z,2019-08-02T22:00:00Z,19426822,1534075.5136257503,-1742493.3144364543,NA,NA,33,177.04629516601562,0,-6437974.230493456,-1799167.9256695656
2019-08-02T22:25:36Z,2019-08-02T22:00:00Z,19426823,1536079.5309412377,-1742493.3144364543,NA,NA,30,518.06231689453125,0,-6435837.910771733,-1799195.9239733375
2019-08-02T22:25:36Z,2019-08-02T22:00:00Z,19426824,1538083.548256725,-1742493.3144364543,NA,NA,30,1021.5850830078125,0,-6433701.271530455,-1799223.9634247979
2019-08-02T22:25:36Z,2019-08-02T22:00:00Z,19426825,1540087.5655722125,-1742493.3144364543,NA,NA,33,307.7893371582031,0,-6431564.312247855,-1799252.0440437107
2019-08-02T22:25:36Z,2019-08-02T22:00:00Z,19432217,1475959.0114766117,-1744497.3317519417,NA,NA,30,37.2589225769043,0,-6498970.114915367,-1800533.0898577063
2019-08-02T22:25:36Z,2019-08-02T22:00:00Z,19432221,1483975.0807385612,-1744497.3317519417,NA,NA,30,25.558395385742188,0,-6490458.827137489,-1800640.741221334
2019-08-02T22:25:36Z,2019-08-02T22:00:00Z,19432222,1485979.0980540495,-1744497.3317519417,NA,NA,33,24.999038696289062,0,-6488330.240829262,-1800667.7557797763
2019-08-02T22:25:36Z,2019-08-02T22:00:00Z,19432247,1536079.5309412377,-1744497.3317519417,NA,NA,33,140.42637634277344,0,-6435014.555337827,-1801356.4048934798
2019-08-02T22:25:36Z,2019-08-02T22:00:00Z,19432248,1538083.548256725,-1744497.3317519417,NA,NA,33,315.02374267578125,0,-6432877.8265514085,-1801384.4845257876
2019-08-02T22:25:36Z,2019-08-02T22:00:00Z,19432249,1540087.5655722125,-1744497.3317519417,NA,NA,33,157.04800415039062,0,-6430740.777606545,-1801412.6053858402
2019-08-02T22:25:36Z,2019-08-02T22:00:00Z,19432321,1684376.8122873157,-1744497.3317519417,NA,NA,34,22.18570899963379,0,-6275997.351504565,-1803546.9874383365
2019-08-02T22:25:36Z,2019-08-02T22:00:00Z,19459300,1401810.3708035722,-1754517.4183293795,NA,NA,30,54.689674377441406,0,-6573368.632698021,-1810362.6409822283
2019-08-02T22:25:36Z,2019-08-02T22:00:00Z,19464801,1556119.7040961133,-1756521.435644867,NA,NA,33,30.491790771484375,0,-6408664.286225029,-1814611.4787302073
2019-08-02T22:25:36Z,2019-08-02T22:00:00Z,19475576,1409826.4400655227,-1760529.4702758426,NA,NA,30,36.41267395019531,0,-6562422.882332089,-1816946.3358811333
2019-08-02T22:25:36Z,2019-08-02T22:00:00Z,19475725,1708425.0200731661,-1760529.4702758426,NA,NA,34,23.284820556640625,0,-6243339.17614966,-1821249.6330235724
2019-08-02T22:25:36Z,2019-08-02T22:00:00Z,19476138,2536084.171369521,-1760529.4702758426,NA,NA,14,27.243471145629883,0,-5309303.630280645,-1838543.8479454631
2019-08-02T22:25:36Z,2019-08-02T22:00:00Z,19481028,1465938.924899174,-1762533.48759133,NA,NA,34,19.38726806640625,0,-6502170.758038004,-1819846.6407891086
2019-08-02T22:25:36Z,2019-08-02T22:00:00Z,19486577,1716441.0893351166,-1764537.5049068173,NA,NA,30,106.98009490966797,0,-6232983.952353313,-1825713.3585943459
2019-08-02T22:25:36Z,2019-08-02T22:00:00Z,19486578,1718445.106650604,-1764537.5049068173,NA,NA,30,228.4405517578125,0,-6230815.231239324,-1825745.6925736654
2019-08-02T22:25:36Z,2019-08-02T22:00:00Z,19486579,1720449.1239660913,-1764537.5049068173,NA,NA,35,NA,0,-6228646.139215056,-1825778.0703721433
2019-08-02T22:25:36Z,2019-08-02T22:00:00Z,19491847,1407822.4227500353,-1766541.5222223047,NA,NA,30,50.99853515625,0,-6562054.69358569,-1823404.7935482715
2019-08-02T22:25:36Z,2019-08-02T22:00:00Z,19491848,1409826.4400655227,-1766541.5222223047,NA,NA,33,45.0807991027832,0,-6559936.477301067,-1823430.6763985762
2019-08-02T22:25:36Z,2019-08-02T22:00:00Z,19491969,1652312.535239515,-1766541.5222223047,NA,NA,30,103.13156127929688,0,-6301349.7407705095,-1826868.3385257483
2019-08-02T22:25:36Z,2019-08-02T22:00:00Z,19492001,1716441.0893351166,-1766541.5222223047,NA,NA,30,99.72428131103516,0,-6232139.859954964,-1827881.4742999978
2019-08-02T22:25:36Z,2019-08-02T22:00:00Z,19492002,1718445.106650604,-1766541.5222223047,NA,NA,30,822.35589599609375,0,-6229971.036226913,-1827913.8544387978
2019-08-02T22:25:36Z,2019-08-02T22:00:00Z,19492003,1720449.1239660913,-1766541.5222223047,NA,NA,30,1603.9447021484375,0,-6227801.841450571,-1827946.2784610689
2019-08-02T22:25:36Z,2019-08-02T22:00:00Z,19492004,1722453.1412815787,-1766541.5222223047,NA,NA,30,280.10955810546875,0,-6225632.275046024,-1827978.746390916
2019-08-02T22:25:36Z,2019-08-02T22:00:00Z,19497426,1718445.106650604,-1768545.539537792,NA,NA,30,396.2092590332031,0,-6229125.729715871,-1830082.3625626091
2019-08-02T22:25:36Z,2019-08-02T22:00:00Z,19497427,1720449.1239660913,-1768545.539537792,NA,NA,30,942.04241943359375,0,-6226956.432027892,-1830114.8328462322
2019-08-02T22:25:36Z,2019-08-02T22:00:00Z,19497428,1722453.1412815787,-1768545.539537792,NA,NA,30,214.4769287109375,0,-6224786.762573221,-1830147.3471018507
2019-08-02T22:25:36Z,2019-08-02T22:00:00Z,19540762,1606220.1369833015,-1784577.678061693,NA,NA,33,26.88551139831543,0,-6343272.842455399,-1845674.0901005175
2019-08-02T22:25:36Z,2019-08-02T22:00:00Z,19579097,2341694.4917672295,-1798605.7992701055,NA,NA,33,33.7675666809082,0,-5519943.080643035,-1875277.800697128
2019-08-02T22:25:36Z,2019-08-02T22:00:00Z,19589173,794593.1242108475,-1802613.8339010803,NA,NA,35,NA,0,-7184137.823726445,-1856136.0274020173
2019-08-02T22:25:36Z,2019-08-02T22:00:00Z,19594836,1273553.2626123698,-1804617.8512165686,NA,NA,30,43.250221252441406,0,-6687471.984789584,-1862856.5157286283
2019-08-02T22:25:36Z,2019-08-02T22:00:00Z,19632885,1435878.6651668604,-1818645.9724249812,NA,NA,30,87.3624038696289,0,-6510382.748490972,-1880111.3182266273
2019-08-02T22:25:36Z,2019-08-02T22:00:00Z,19649107,1335677.7993924832,-1824658.0243714433,NA,NA,30,38.3989372253418,0,-6613668.899983089,-1885303.6309943357
2019-08-02T22:25:36Z,2019-08-02T22:00:00Z,19659907,1239484.9682490816,-1828666.059002419,NA,NA,30,48.23695373535156,0,-6712947.118571029,-1888469.8938857976
2019-08-02T22:25:36Z,2019-08-02T22:00:00Z,19670885,1500007.219262462,-1832674.0936333938,NA,NA,30,70.60517883300781,0,-6436177.461496117,-1896228.6639082816
2019-08-02T22:25:36Z,2019-08-02T22:00:00Z,19676298,1477963.028792099,-1834678.1109488811,NA,NA,30,40.23946762084961,0,-6458771.8405070705,-1898086.518947353
2019-08-02T22:25:36Z,2019-08-02T22:00:00Z,19703281,1203412.656570306,-1844698.197526319,NA,NA,13,27.43561553955078,0,-6743786.115254753,-1905418.6181366874
2019-08-02T22:25:36Z,2019-08-02T22:00:00Z,19703296,1233472.9163026186,-1844698.197526319,NA,NA,33,42.15193176269531,0,-6712347.197683303,-1905768.619466365
2019-08-02T22:25:36Z,2019-08-02T22:00:00Z,19703422,1485979.0980540495,-1844698.197526319,NA,NA,33,32.54109191894531,0,-6445873.0048675435,-1909082.6536911498
2019-08-02T22:25:36Z,2019-08-02T22:00:00Z,19708783,1359726.0071783336,-1846702.2148418063,NA,NA,30,32.63589096069336,0,-6578796.362962658,-1909516.103173695
2019-08-02T22:25:36Z,2019-08-02T22:00:00Z,19724996,1241488.985564569,-1852714.2667882694,NA,NA,10,36.26908493041992,0,-6700480.036656917,-1914557.1987512794
2019-08-02T22:25:36Z,2019-08-02T22:00:00Z,19735973,1500007.219262462,-1856722.3014192441,NA,NA,30,38.99826431274414,0,-6425647.504163209,-1922357.9948128038
2019-08-02T22:25:36Z,2019-08-02T22:00:00Z,19752240,1489987.1326850243,-1862734.3533657072,NA,NA,30,118.14818572998047,0,-6433667.341111193,-1928750.6937894598
2019-08-02T22:25:36Z,2019-08-02T22:00:00Z,19752241,1491991.1500005117,-1862734.3533657072,NA,NA,30,223.34669494628906,0,-6431532.46543549,-1928780.1762484063
2019-08-02T22:25:36Z,2019-08-02T22:00:00Z,19757665,1491991.1500005117,-1864738.3706811946,NA,NA,30,156.69515991210938,0,-6430644.699799173,-1930960.9346134006
2019-08-02T22:25:36Z,2019-08-02T22:00:00Z,19763102,1518043.3751018494,-1866742.387996682,NA,NA,30,19.751291275024414,0,-6401971.0444218,-1933530.4524842948
2019-08-02T22:25:36Z,2019-08-02T22:00:00Z,19773856,1329665.747446021,-1870750.4226276567,NA,NA,30,26.44873046875,0,-6599952.540260723,-1935246.9566708214
2019-08-02T22:25:36Z,2019-08-02T22:00:00Z,19784774,1469946.9595301487,-1874758.4572586324,NA,NA,30,211.740478515625,0,-6449661.661705427,-1941545.7314183787
2019-08-02T22:25:36Z,2019-08-02T22:00:00Z,19784775,1471950.976845636,-1874758.4572586324,NA,NA,30,114.43064880371094,0,-6447529.345055212,-1941575.0124185386
2019-08-02T22:25:36Z,2019-08-02T22:00:00Z,19817316,1465938.924899174,-1886782.5611515576,NA,NA,30,85.4492416381836,0,-6448548.7648213385,-1954587.625537581
2019-08-02T22:25:36Z,2019-08-02T22:00:00Z,19818142,3121257.2274918817,-1886782.5611515576,NA,NA,10,46.280120849609375,0,-4516937.966827025,-1997289.6322981804
2019-08-02T22:25:36Z,2019-08-02T22:00:00Z,19839027,1495999.1846314864,-1894798.630413507,NA,NA,30,29.17074966430664,0,-6412919.170604734,-1963777.3496958266
2019-08-02T22:25:36Z,2019-08-02T22:00:00Z,19844374,1341689.8513389463,-1896802.6477289954,NA,NA,30,115.62146759033203,0,-6575680.771991862,-1963764.8656129371
2019-08-02T22:25:36Z,2019-08-02T22:00:00Z,19855263,1423854.5612739353,-1900810.6823599702,NA,NA,30,28.62027359008789,0,-6486945.288132092,-1969274.7791779605
2019-08-02T22:25:36Z,2019-08-02T22:00:00Z,19893229,1419846.5266429605,-1914838.8035683827,NA,NA,30,24.639646530151367,0,-6484833.098090157,-1984530.2887423174
2019-08-02T22:25:36Z,2019-08-02T22:00:00Z,19931690,2407827.0631783176,-1928866.9247767953,NA,NA,30,41.356693267822266,0,-5381424.192308709,-2020353.6157255925
2019-08-02T22:25:36Z,2019-08-02T22:00:00Z,20018093,1644296.4659775645,-1960931.2018245962,NA,NA,30,90.641571044921875,0,-6223099.319486769,-2038618.5311665502
2019-08-02T22:25:36Z,2019-08-02T22:00:00Z,20061484,1642292.448662077,-1976963.340348497,NA,NA,30,176.13909912109375,0,-6217618.780785126,-2056217.8423788873
2019-08-02T22:25:36Z,2019-08-02T22:00:00Z,20061485,1644296.4659775645,-1976963.340348497,NA,NA,30,180.03392028808594,0,-6215452.157017339,-2056253.4269340085
2019-08-02T22:25:36Z,2019-08-02T22:00:00Z,20088707,1848706.2321572937,-1986983.4269259349,NA,NA,30,187.07997131347656,0,-5987552.6951093245,-2071211.8379353906
2019-08-02T22:25:36Z,2019-08-02T22:00:00Z,20094063,1712433.0547041409,-1988987.4442414222,NA,NA,30,80.936431884765625,0,-6135757.242393231,-2070746.437747543
2019-08-02T22:25:36Z,2019-08-02T22:00:00Z,20099503,1744497.3317519417,-1990991.4615569096,NA,NA,30,424.6719665527344,0,-6099848.695798002,-2073566.1892299526
2019-08-02T22:25:36Z,2019-08-02T22:00:00Z,20099504,1746501.349067429,-1990991.4615569096,NA,NA,30,209.08761596679688,0,-6097661.836692542,-2073604.7193679374
2019-08-02T22:25:36Z,2019-08-02T22:00:00Z,20104927,1744497.3317519417,-1992995.478872397,NA,NA,30,513.00396728515625,0,-6098873.294849984,-2075777.7255755728
2019-08-02T22:25:36Z,2019-08-02T22:00:00Z,20104928,1746501.349067429,-1992995.478872397,NA,NA,30,308.9487609863281,0,-6096686.311505187,-2075816.3076531512
2019-08-02T22:25:36Z,2019-08-02T22:00:00Z,20121690,2728469.833656325,-1999007.53081886,NA,NA,30,104.29495239257812,0,-4959602.436955769,-2108481.9007076267
2019-08-02T22:25:36Z,2019-08-02T22:00:00Z,20143342,2640293.071774873,-2007023.6000808096,NA,NA,33,46.21931076049805,0,-5063574.656413432,-2114479.9514256027
2019-08-02T22:25:36Z,2019-08-02T22:00:00Z,20148279,1664336.63913244,-2009027.617396297,NA,NA,30,126.84720611572266,0,-6178227.072891844,-2091967.6947479872
2019-08-02T22:25:36Z,2019-08-02T22:00:00Z,20148297,1700408.9508112157,-2009027.617396297,NA,NA,30,110.35861206054688,0,-6139063.388100119,-2092640.1624220721
2019-08-02T22:25:36Z,2019-08-02T22:00:00Z,20148298,1702412.968126704,-2009027.617396297,NA,NA,30,106.9275894165039,0,-6136884.010379385,-2092678.0130039828
2019-08-02T22:25:36Z,2019-08-02T22:00:00Z,20153720,1698404.9334957283,-2011031.6347117852,NA,NA,30,210.0697021484375,0,-6140259.110267168,-2094816.4484303407
2019-08-02T22:25:36Z,2019-08-02T22:00:00Z,20153721,1700408.9508112157,-2011031.6347117852,NA,NA,30,336.1120300292969,0,-6138079.9947414715,-2094854.2978446032
2019-08-02T22:25:36Z,2019-08-02T22:00:00Z,20153722,1702412.968126704,-2011031.6347117852,NA,NA,30,338.56561279296875,0,-6135900.494860129,-2094892.1992071315
2019-08-02T22:25:36Z,2019-08-02T22:00:00Z,20153723,1704416.9854421914,-2011031.6347117852,NA,NA,30,309.2761535644531,0,-6133720.610018729,-2094930.152547175
2019-08-02T22:25:36Z,2019-08-02T22:00:00Z,20159144,1698404.9334957283,-2013035.6520272726,NA,NA,30,97.703948974609375,0,-6139274.648438908,-2097030.9499363822
2019-08-02T22:25:36Z,2019-08-02T22:00:00Z,20159145,1700408.9508112157,-2013035.6520272726,NA,NA,30,158.63340759277344,0,-6137095.41073846,-2097068.8501067914
2019-08-02T22:25:36Z,2019-08-02T22:00:00Z,20159146,1702412.968126704,-2013035.6520272726,NA,NA,30,247.02206420898438,0,-6134915.788514056,-2097106.8022976345
2019-08-02T22:25:36Z,2019-08-02T22:00:00Z,20159147,1704416.9854421914,-2013035.6520272726,NA,NA,30,228.28848266601562,0,-6132735.781161031,-2097144.8065381965
2019-08-02T22:25:36Z,2019-08-02T22:00:00Z,20164573,1708425.0200731661,-2015039.66934276,NA,NA,30,160.54086303710938,0,-6127388.342142559,-2099436.144952977
2019-08-02T22:25:36Z,2019-08-02T22:00:00Z,20164574,1710429.0373886535,-2015039.66934276,NA,NA,30,132.5503692626953,0,-6125207.052565157,-2099474.3566847327
2019-08-02T22:25:36Z,2019-08-02T22:00:00Z,20170044,1802613.8339010803,-2017043.6866582474,NA,NA,30,93.18927764892578,0,-6023445.149939435,-2103507.1372371423
2019-08-02T22:25:36Z,2019-08-02T22:00:00Z,20170046,1806621.868532056,-2017043.6866582474,NA,NA,30,166.06996154785156,0,-6019044.1033144435,-2103588.7003983865
2019-08-02T22:25:36Z,2019-08-02T22:00:00Z,20170047,1808625.8858475434,-2017043.6866582474,NA,NA,30,254.6012420654297,0,-6016842.953337002,-2103629.5626703566
2019-08-02T22:25:36Z,2019-08-02T22:00:00Z,20186252,1674356.725709878,-2023055.7386047104,NA,NA,35,NA,0,-6160462.833010274,-2107655.9504258474
2019-08-02T22:25:36Z,2019-08-02T22:00:00Z,20197103,1680368.777656341,-2027063.7732356852,NA,NA,30,114.1399154663086,0,-6151953.6456220085,-2112202.231026932
2019-08-02T22:25:36Z,2019-08-02T22:00:00Z,20197239,1952915.1325626466,-2027063.7732356852,NA,NA,30,28.613080978393555,0,-5852181.177710687,-2117833.5869458346
2019-08-02T22:25:36Z,2019-08-02T22:00:00Z,20430446,1902814.6996754576,-2113236.51780165,NA,NA,30,39.244667053222656,0,-5863451.670165703,-2212725.4318423015
2019-08-02T22:25:36Z,2019-08-02T22:00:00Z,20565911,1632272.3620846393,-2163336.950688838,NA,NA,30,295.6581115722656,0,-6134006.9385024225,-2263004.468273022
2019-08-02T22:25:36Z,2019-08-02T22:00:00Z,20571335,1632272.3620846393,-2165340.9680043254,NA,NA,30,171.53150939941406,0,-6132934.141400255,-2265250.780421029
2019-08-02T22:25:36Z,2019-08-02T22:00:00Z,20587948,2315642.266665891,-2171353.0199507885,NA,NA,30,34.109554290771484,0,-5361091.236168899,-2289236.5016156915
2019-08-02T22:25:36Z,2019-08-02T22:00:00Z,20587949,2317646.283981379,-2171353.0199507885,NA,NA,30,33.073486328125,0,-5358744.600713382,-2289298.3908062056
2019-08-02T22:25:36Z,2019-08-02T22:00:00Z,20593114,1798605.7992701055,-2173357.037266276,NA,NA,30,66.1285400390625,0,-5946610.198797741,-2277776.443850633
2019-08-02T22:25:36Z,2019-08-02T22:00:00Z,20696410,2279569.954987115,-2211433.366260539,NA,NA,30,134.49905395507812,0,-5380332.719092934,-2333617.983449743
2019-08-02T22:25:36Z,2019-08-02T22:00:00Z,20696411,2281573.9723026026,-2211433.366260539,NA,NA,30,260.93646240234375,0,-5377993.168137205,-2333680.2168427366
2019-08-02T22:25:36Z,2019-08-02T22:00:00Z,20701834,2279569.954987115,-2213437.383576026,NA,NA,30,144.2533721923828,0,-5379174.134281318,-2335897.400484564
2019-08-02T22:25:36Z,2019-08-02T22:00:00Z,20701835,2281573.9723026026,-2213437.383576026,NA,NA,30,315.3443908691406,0,-5376834.365597299,-2335959.7165209516
2019-08-02T22:25:36Z,2019-08-02T22:00:00Z,20717740,1546099.6175186755,-2219449.4355224892,NA,NA,30,57.22419738769531,0,-6196876.335322444,-2324352.54048278
2019-08-02T22:25:36Z,2019-08-02T22:00:00Z,20723164,1546099.6175186755,-2221453.4528379766,NA,NA,30,61.237281799316406,0,-6195774.024870507,-2326609.9253180907
2019-08-02T22:25:36Z,2019-08-02T22:00:00Z,20750765,2510031.9462681822,-2231473.5394154144,NA,NA,30,106.2271499633789,0,-5094978.802237133,-2364190.7323666424
2019-08-02T22:25:36Z,2019-08-02T22:00:00Z,20783194,2279569.954987115,-2243497.6433083396,NA,NA,33,44.83647537231445,0,-5361632.644330671,-2370149.83251895
2019-08-02T22:25:36Z,2019-08-02T22:00:00Z,20793685,1564135.7733580628,-2247505.6779393144,NA,NA,33,22.488842010498047,0,-6161823.751298721,-2356359.1801148704
2019-08-02T22:25:36Z,2019-08-02T22:00:00Z,20793686,1566139.7906735511,-2247505.6779393144,NA,NA,30,20.11844825744629,0,-6159654.697409339,-2356399.365097296
2019-08-02T22:25:36Z,2019-08-02T22:00:00Z,20810334,2319650.3012968665,-2253517.7298857775,NA,NA,30,139.9663543701172,0,-5308711.167809041,-2382887.254253658
2019-08-02T22:25:36Z,2019-08-02T22:00:00Z,20810335,2321654.318612354,-2253517.7298857775,NA,NA,30,117.56793975830078,0,-5306354.036000296,-2382952.764197287
2019-08-02T22:25:36Z,2019-08-02T22:00:00Z,20831856,1970951.288402034,-2261533.799147728,NA,NA,30,140.1717071533203,0,-5705060.349014588,-2381718.7696296126
2019-08-02T22:25:36Z,2019-08-02T22:00:00Z,20831857,1972955.3057175213,-2261533.799147728,NA,NA,30,364.1698913574219,0,-5702802.726472476,-2381772.1130922567
2019-08-02T22:25:36Z,2019-08-02T22:00:00Z,20837280,1970951.288402034,-2263537.8164632153,NA,NA,30,292.4355773925781,0,-5703898.706793442,-2383999.211329597
2019-08-02T22:25:36Z,2019-08-02T22:00:00Z,20837281,1972955.3057175213,-2263537.8164632153,NA,NA,30,823.3563232421875,0,-5701640.90516213,-2384052.624330059
2019-08-02T22:25:36Z,2019-08-02T22:00:00Z,20837282,1974959.3230330087,-2263537.8164632153,NA,NA,30,173.0294647216797,0,-5699382.599468629,-2384106.1047093836
2019-08-02T22:25:36Z,2019-08-02T22:00:00Z,20842588,1738485.2798054796,-2265541.8337787027,NA,NA,30,24.589834213256836,0,-5961437.889925677,-2380522.0239569913
2019-08-02T22:25:36Z,2019-08-02T22:00:00Z,20842705,1972955.3057175213,-2265541.8337787027,NA,NA,30,171.44073486328125,0,-5700477.754879126,-2386333.6479112413
2019-08-02T22:25:36Z,2019-08-02T22:00:00Z,20859085,2189389.175790176,-2271553.885725165,NA,NA,10,32.65263748168945,0,-5449916.774969072,-2399387.962868619
2019-08-02T22:25:36Z,2019-08-02T22:00:00Z,20864747,2666345.2968762107,-2273557.903040653,NA,NA,30,35.611331939697266,0,-4877759.2198767355,-2418536.9871460656
2019-08-02T22:25:36Z,2019-08-02T22:00:00Z,20929994,2984984.0500387307,-2297606.1108265035,NA,NA,30,31.314210891723633,0,-4453878.662993657,-2460691.03253646
2019-08-02T22:25:36Z,2019-08-02T22:00:00Z,20940630,2560132.3791553713,-2301614.1454574782,NA,NA,30,49.51153564453125,0,-4991120.952411289,-2446742.974857632
2019-08-02T22:25:36Z,2019-08-02T22:00:00Z,20962393,2694401.539293037,-2309630.2147194287,NA,NA,30,57.553897857666016,0,-4819948.339146658,-2461448.711736162
2019-08-02T22:25:36Z,2019-08-02T22:00:00Z,20989417,2502015.8770062327,-2319650.3012968665,NA,NA,30,53.743560791015625,0,-5050557.365350111,-2465368.0232395697
2019-08-02T22:25:36Z,2019-08-02T22:00:00Z,20999998,1966943.2537710592,-2323658.3359278413,NA,NA,30,67.9825668334961,0,-5672952.158323753,-2452543.287063972
2019-08-02T22:25:36Z,2019-08-02T22:00:00Z,21026825,1379766.1803332092,-2333678.422505279,NA,NA,30,50.29594802856445,0,-6311022.786778935,-2450550.8256969326
2019-08-02T22:25:36Z,2019-08-02T22:00:00Z,21026826,1381770.1976486966,-2333678.422505279,NA,NA,30,49.73477554321289,0,-6308879.710234986,-2450587.69509271
2019-08-02T22:25:36Z,2019-08-02T22:00:00Z,21064957,1708425.0200731661,-2347706.5437136916,NA,NA,34,21.492542266845703,0,-5946520.852307875,-2473459.758010042
2019-08-02T22:25:36Z,2019-08-02T22:00:00Z,21119279,1872754.439943144,-2367746.7168685673,NA,NA,30,43.022464752197266,0,-5752127.395557854,-2500594.1686381605
2019-08-02T22:25:36Z,2019-08-02T22:00:00Z,21124703,1872754.439943144,-2369750.7341840547,NA,NA,30,46.125308990478516,0,-5750903.0929998895,-2502899.34491416
2019-08-02T22:25:36Z,2019-08-02T22:00:00Z,21130310,2239489.608677365,-2371754.751499542,NA,NA,30,44.39148712158203,0,-5330314.544921445,-2516269.8698843205
2019-08-02T22:25:36Z,2019-08-02T22:00:00Z,21189765,1820649.9897404686,-2393798.941969905,NA,NA,30,39.59024429321289,0,-5794317.752971705,-2529210.9496703995
2019-08-02T22:25:36Z,2019-08-02T22:00:00Z,21195479,2401815.0112318555,-2395802.9592853924,NA,NA,10,90.22740936279297,0,-5122670.921668781,-2549984.191080012
2019-08-02T22:25:36Z,2019-08-02T22:00:00Z,21314513,1812633.9204785181,-2439891.3402261185,NA,NA,30,61.16389846801758,0,-5774449.151024264,-2582281.3732388704
2019-08-02T22:25:36Z,2019-08-02T22:00:00Z,21433787,1704416.9854421914,-2483979.7211668445,NA,NA,30,22.68584442138672,0,-5866457.564321612,-2630640.223662031
2019-08-02T22:25:36Z,2019-08-02T22:00:00Z,21482687,1872754.439943144,-2502015.8770062327,NA,NA,30,33.56731033325195,0,-5667017.061755139,-2656298.4586272296
2019-08-02T22:25:36Z,2019-08-02T22:00:00Z,21515219,1848706.2321572937,-2514039.980899158,NA,NA,30,36.400184631347656,0,-5686128.896654802,-2669670.200793227
2019-08-02T22:25:36Z,2019-08-02T22:00:00Z,21542613,2397806.9766008807,-2524060.0674765958,NA,NA,30,209.18223571777344,0,-5041043.225756408,-2700499.943563109
2019-08-02T22:25:36Z,2019-08-02T22:00:00Z,21542614,2399810.993916368,-2524060.0674765958,NA,NA,30,201.61190795898438,0,-5038622.329284409,-2700581.89708634
2019-08-02T22:25:36Z,2019-08-02T22:00:00Z,21585235,854713.6436754735,-2540092.2060004957,NA,NA,13,32.60560989379883,0,-6739077.477211241,-2679721.8283720976
2019-08-02T22:25:36Z,2019-08-02T22:00:00Z,21709972,824653.383943161,-2586184.604256709,NA,NA,33,23.73008918762207,0,-6740767.577880952,-2733058.388335873
2019-08-02T22:25:36Z,2019-08-02T22:00:00Z,21726717,1772553.5741687678,-2592196.656203172,NA,NA,30,30.36063575744629,0,-5718848.16881696,-2759397.382592253
2019-08-02T22:25:36Z,2019-08-02T22:00:00Z,21748409,1764537.5049068173,-2600212.7254651217,NA,NA,33,41.020172119140625,0,-5722300.817772236,-2768642.869803962
