latitude,longitude,brightness,scan,track,acq_date,acq_time,satellite,instrument,confidence,version,bright_t31,frp,daynight,type
-7.0405,-55.4352,320.7,1,1,2019-07-12,1723,Aqua,MODIS,57,6.03,302.4,8.2,D,0
-7.0454,-55.431,303.3,1.9,1.3,2019-07-14,0153,Terra,MODIS,54,6.03,292.8,11.4,N,0
-7.0363,-55.8059,317.5,1.2,1.1,2019-07-14,1419,Terra,MODIS,71,6.03,302.7,11.6,D,0
-6.5321,-55.4825,312.1,1.1,1.1,2019-07-19,1730,Aqua,MODIS,47,6.03,286,10.4,D,0
-7.0535,-55.4293,303.2,1.5,1.2,2019-07-21,0200,Terra,MODIS,54,6.03,292,8.2,N,0
-6.4393,-55.575,338.6,1,1,2019-07-21,1717,Aqua,MODIS,89,6.03,300,33.7,D,0
-6.4824,-55.9466,319.2,1,1,2019-07-21,1717,Aqua,MODIS,62,6.03,297.2,11.6,D,0
-6.8527,-55.569,324.3,1,1,2019-07-21,1717,Aqua,MODIS,78,6.03,297.6,16.4,D,0
-6.4302,-55.5763,332.7,1,1,2019-07-21,1717,Aqua,MODIS,86,6.03,301,24.7,D,0
-6.5368,-55.4798,322.5,1,1,2019-07-21,1717,Aqua,MODIS,77,6.03,305.4,13.9,D,0
-6.4902,-55.4942,320.1,1.4,1.2,2019-07-23,1705,Aqua,MODIS,69,6.03,302.5,18.8,D,0
-6.8452,-55.567,337.2,1.5,1.2,2019-07-23,1705,Aqua,MODIS,84,6.03,298.5,57.3,D,0
-6.8434,-55.5538,348.1,1.5,1.2,2019-07-23,1705,Aqua,MODIS,89,6.03,301.7,91.5,D,0
-6.8559,-55.5655,331.8,1.5,1.2,2019-07-23,1705,Aqua,MODIS,76,6.03,296.3,44,D,0
-6.8541,-55.5524,334,1.5,1.2,2019-07-23,1705,Aqua,MODIS,66,6.03,295.4,49.6,D,0
-6.4795,-55.4956,325.7,1.4,1.2,2019-07-23,1705,Aqua,MODIS,80,6.03,304.9,27.8,D,0
-6.8465,-55.564,308.6,1.4,1.2,2019-07-24,0230,Terra,MODIS,75,6.03,293.2,13.4,N,0
-6.8446,-55.5518,304.1,1.4,1.2,2019-07-24,0230,Terra,MODIS,59,6.03,293.3,8.7,N,0
-6.8049,-55.7817,312.8,2.3,1.5,2019-07-24,1748,Aqua,MODIS,54,6.03,292.9,21.8,D,0
-6.8079,-55.4619,316.9,2.4,1.5,2019-07-24,1748,Aqua,MODIS,68,6.03,297,30.1,D,0
-6.7998,-55.7875,318.2,1.1,1.1,2019-07-25,1400,Terra,MODIS,51,6.03,302.3,10.8,D,0
-6.8046,-55.7843,317.5,1.1,1.1,2019-07-25,1400,Terra,MODIS,66,6.03,301.7,11.4,D,0
-6.8014,-55.7772,327.3,1.1,1.1,2019-07-25,1400,Terra,MODIS,82,6.03,300.4,22.5,D,0
-6.5971,-55.7623,315.2,2.6,1.6,2019-07-25,1653,Aqua,MODIS,46,6.03,292.9,32.2,D,0
-6.5882,-55.7466,319.9,2.6,1.5,2019-07-25,1653,Aqua,MODIS,55,6.03,290.2,47.5,D,0
-6.611,-55.7606,319.1,2.6,1.6,2019-07-25,1653,Aqua,MODIS,45,6.03,294.6,44.7,D,0
-6.6045,-55.7568,301.7,1,1,2019-07-26,0218,Terra,MODIS,41,6.03,287.5,4.2,N,0
-6.5934,-55.7463,311,1,1,2019-07-26,0218,Terra,MODIS,81,6.03,289.1,10.1,N,0
-6.5921,-55.7373,315.7,1,1,2019-07-26,0218,Terra,MODIS,92,6.03,289.9,13.8,N,0
-6.6032,-55.7478,304.6,1,1,2019-07-26,0218,Terra,MODIS,61,6.03,287.9,5.8,N,0
-6.5877,-55.7389,307.3,1,1,2019-07-26,0518,Aqua,MODIS,71,6.03,292.7,7.5,N,0
-6.6337,-55.678,321.9,1.4,1.2,2019-07-26,1736,Aqua,MODIS,65,6.03,306.8,14.1,D,0
-6.8029,-55.7879,353.5,1.3,1.1,2019-07-26,1736,Aqua,MODIS,97,6.03,307.6,93.4,D,0
-6.7947,-55.7826,337.5,1.3,1.1,2019-07-26,1736,Aqua,MODIS,88,6.03,302.8,46.1,D,0
-6.7964,-55.7946,326.3,1.3,1.1,2019-07-26,1736,Aqua,MODIS,79,6.03,303.9,22.5,D,0
-7.0157,-55.4174,359.1,1.4,1.2,2019-07-26,1736,Aqua,MODIS,99,6.03,307.4,120.3,D,0
-7.0216,-55.4097,340.8,1.4,1.2,2019-07-26,1736,Aqua,MODIS,90,6.03,305.9,52.9,D,0
-7.053,-55.4048,355.3,1.4,1.2,2019-07-26,1736,Aqua,MODIS,98,6.03,307.7,100.5,D,0
-7.0511,-55.3924,339.5,1.4,1.2,2019-07-26,1736,Aqua,MODIS,89,6.03,306.9,49.4,D,0
-6.8525,-55.5567,326.5,1.4,1.2,2019-07-26,1736,Aqua,MODIS,66,6.03,304.5,24,D,0
-6.8505,-55.5629,329,1.4,1.2,2019-07-26,1736,Aqua,MODIS,73,6.03,305,28,D,0
-7.0625,-55.4671,334.3,1.4,1.2,2019-07-26,1736,Aqua,MODIS,81,6.03,305.6,39.2,D,0
-7.053,-55.5444,316.2,1.4,1.2,2019-07-26,1736,Aqua,MODIS,65,6.03,301.2,12.6,D,0
-7.0235,-55.4222,361.6,1.4,1.2,2019-07-26,1736,Aqua,MODIS,100,6.03,307.7,128.2,D,0
-7.0131,-55.424,326.4,1.4,1.2,2019-07-26,1736,Aqua,MODIS,77,6.03,302.1,21.4,D,0
-7.0176,-55.43,326.1,1.4,1.2,2019-07-26,1736,Aqua,MODIS,77,6.03,302.8,21.6,D,0
-6.8543,-55.5691,323.3,1.4,1.2,2019-07-26,1736,Aqua,MODIS,75,6.03,303.6,18.8,D,0
-6.6138,-55.7555,377.2,1.3,1.1,2019-07-26,1736,Aqua,MODIS,100,6.03,307.8,204,D,0
-6.6157,-55.7676,326.5,1.3,1.1,2019-07-26,1736,Aqua,MODIS,55,6.03,303.4,23.5,D,0
-6.6017,-55.745,402.2,1.3,1.2,2019-07-26,1736,Aqua,MODIS,100,6.03,308.4,397.3,D,0
-6.6036,-55.7571,401.5,1.3,1.1,2019-07-26,1736,Aqua,MODIS,100,6.03,305.7,389.9,D,0
-6.606,-55.75,400.1,1.3,1.2,2019-07-26,1736,Aqua,MODIS,100,6.03,310.7,381.8,D,0
-6.6078,-55.7621,367.6,1.3,1.1,2019-07-26,1736,Aqua,MODIS,100,6.03,306.6,156.7,D,0
-6.5957,-55.7517,346.7,1.3,1.2,2019-07-26,1736,Aqua,MODIS,93,6.03,299.1,75,D,0
-6.5413,-55.4565,334.3,1.4,1.2,2019-07-26,1736,Aqua,MODIS,86,6.03,302.7,44.6,D,0
-6.5431,-55.4691,328.7,1.4,1.2,2019-07-26,1736,Aqua,MODIS,81,6.03,304.7,32.7,D,0
-6.8011,-55.7761,320.8,1.3,1.1,2019-07-26,1736,Aqua,MODIS,69,6.03,302.8,15.2,D,0
-6.5307,-55.4581,355.9,1.4,1.2,2019-07-26,1736,Aqua,MODIS,98,6.03,304.6,113.4,D,0
-6.5326,-55.4708,336.3,1.4,1.2,2019-07-26,1736,Aqua,MODIS,87,6.03,304.1,49.9,D,0
-6.8524,-55.5752,326.2,1.4,1.2,2019-07-26,1736,Aqua,MODIS,63,6.03,302.9,22.3,D,0
-6.6355,-55.6902,322.3,1.4,1.2,2019-07-26,1736,Aqua,MODIS,60,6.03,303.8,15.6,D,0
-6.6234,-55.6796,328.5,1.4,1.2,2019-07-26,1736,Aqua,MODIS,76,6.03,304.9,24.6,D,0
-6.5999,-55.7331,382.2,1.4,1.2,2019-07-26,1736,Aqua,MODIS,100,6.03,305.6,237.4,D,0
-6.6025,-55.7259,332.4,1.4,1.2,2019-07-26,1736,Aqua,MODIS,84,6.03,302,38.2,D,0
-6.8561,-55.5814,322.3,1.4,1.2,2019-07-26,1736,Aqua,MODIS,71,6.03,303,16.7,D,0
-6.6043,-55.7379,382.9,1.4,1.2,2019-07-26,1736,Aqua,MODIS,100,6.03,308.9,246.1,D,0
-6.594,-55.7396,371.1,1.4,1.2,2019-07-26,1736,Aqua,MODIS,100,6.03,304.1,175.8,D,0
-6.5967,-55.7523,311,1.8,1.3,2019-07-27,1348,Terra,MODIS,39,6.03,294.2,13.6,D,0
-7.0132,-55.7963,326.1,1.2,1.1,2019-07-28,0206,Terra,MODIS,100,6.03,294.9,31.6,N,0
-7.0147,-55.8073,306.3,1.2,1.1,2019-07-28,0206,Terra,MODIS,66,6.03,294.2,8.2,N,0
-6.5997,-55.7617,315.1,1.2,1.1,2019-07-28,0206,Terra,MODIS,91,6.03,294,16.6,N,0
-6.5982,-55.7509,303.7,1.2,1.1,2019-07-28,0206,Terra,MODIS,26,6.03,293.4,5.9,N,0
-6.6095,-55.7604,307.5,1.2,1.1,2019-07-28,0206,Terra,MODIS,72,6.03,292.7,9.5,N,0
-6.5877,-55.6755,311.6,1.2,1.1,2019-07-28,0206,Terra,MODIS,83,6.03,293.5,12.4,N,0
-7.0231,-55.795,307.3,1.2,1.1,2019-07-28,0206,Terra,MODIS,71,6.03,293.8,9.3,N,0
-7.0155,-55.7897,316.5,1.1,1.1,2019-07-28,0506,Aqua,MODIS,93,6.03,294,17.6,N,0
-7.014,-55.7997,307.5,1.1,1.1,2019-07-28,0506,Aqua,MODIS,72,6.03,293.1,9.3,N,0
-7.006,-55.7884,302.1,1.1,1.1,2019-07-28,0506,Aqua,MODIS,46,6.03,291.2,5.4,N,0
-6.6038,-55.7549,302.1,1.1,1.1,2019-07-28,0506,Aqua,MODIS,29,6.03,291.6,5.5,N,0
-6.6016,-55.7522,314.8,1.9,1.3,2019-07-28,1431,Terra,MODIS,68,6.03,301.3,19.8,D,0
-6.7086,-55.4567,315.1,2,1.4,2019-07-28,1431,Terra,MODIS,64,6.03,301.3,14,D,0
-6.6109,-55.6846,316.5,1.9,1.3,2019-07-28,1431,Terra,MODIS,55,6.03,299.8,19.1,D,0
-7.0383,-55.8352,329.9,1,1,2019-07-28,1723,Aqua,MODIS,41,6.03,308.6,21.3,D,0
-6.8261,-55.575,356.9,1,1,2019-07-28,1723,Aqua,MODIS,98,6.03,305.7,71.4,D,0
-7.0486,-55.7719,326.3,1,1,2019-07-28,1723,Aqua,MODIS,79,6.03,304.5,17.2,D,0
-6.7931,-55.7916,326.6,1,1,2019-07-28,1723,Aqua,MODIS,76,6.03,303.2,15.1,D,0
-7.0383,-55.771,326.1,1,1,2019-07-28,1723,Aqua,MODIS,72,6.03,305.3,14.8,D,0
-6.8274,-55.584,348.8,1,1,2019-07-28,1723,Aqua,MODIS,94,6.03,305.3,52.9,D,0
-7.0639,-55.687,329.2,1,1,2019-07-28,1723,Aqua,MODIS,82,6.03,302.7,20.3,D,0
-7.0626,-55.678,382.9,1,1,2019-07-28,1723,Aqua,MODIS,100,6.03,310,158.3,D,0
-6.6553,-55.6677,326.5,1,1,2019-07-28,1723,Aqua,MODIS,61,6.03,304.6,16.3,D,0
-7.0247,-55.4157,325.8,1,1,2019-07-28,1723,Aqua,MODIS,67,6.03,308.9,11.9,D,0
-7.0396,-55.78,342.6,1,1,2019-07-28,1723,Aqua,MODIS,91,6.03,308.7,38.1,D,0
-7.037,-55.8263,339.2,1,1,2019-07-28,1723,Aqua,MODIS,89,6.03,305.2,34.5,D,0
-7.0499,-55.7809,323.1,1,1,2019-07-28,1723,Aqua,MODIS,47,6.03,303.8,13.9,D,0
-7.0613,-55.6689,334.9,1,1,2019-07-28,1723,Aqua,MODIS,86,6.03,307.1,27.4,D,0
-6.5924,-55.6769,350.1,1,1,2019-07-28,1724,Aqua,MODIS,95,6.03,307,51.5,D,0
-6.6028,-55.749,324.2,1,1,2019-07-28,1724,Aqua,MODIS,31,6.03,303.2,14.6,D,0
-6.6104,-55.6742,339.1,1,1,2019-07-28,1724,Aqua,MODIS,78,6.03,305,28.4,D,0
-6.6117,-55.6833,367.5,1,1,2019-07-28,1724,Aqua,MODIS,100,6.03,306.6,96.2,D,0
-6.613,-55.6923,347.5,1,1,2019-07-28,1724,Aqua,MODIS,94,6.03,304.7,46.6,D,0
-6.6053,-55.7026,327.9,1,1,2019-07-28,1724,Aqua,MODIS,59,6.03,299.1,17.7,D,0
-7.0399,-55.7777,311.5,3.1,1.7,2019-07-29,1336,Terra,MODIS,41,6.03,296.7,28.7,D,0
-6.8629,-55.5065,321.6,1.2,1.1,2019-07-30,1418,Terra,MODIS,52,6.03,304.3,14.9,D,0
-6.8033,-55.7896,316.9,1.2,1.1,2019-07-30,1418,Terra,MODIS,49,6.03,304.9,10.4,D,0
-6.4466,-55.4829,318.5,1.2,1.1,2019-07-30,1418,Terra,MODIS,67,6.03,299.9,11.1,D,0
-6.6014,-55.7532,317.1,1.2,1.1,2019-07-30,1418,Terra,MODIS,69,6.03,303.7,10.6,D,0
-7.0389,-55.7709,318.7,1.2,1.1,2019-07-30,1419,Terra,MODIS,47,6.03,304.7,11.6,D,0
-6.8825,-55.5092,320.7,1.2,1.1,2019-07-30,1419,Terra,MODIS,43,6.03,302.7,13.5,D,0
-6.7539,-55.6352,401.9,1.2,1.1,2019-07-30,1711,Aqua,MODIS,100,6.03,307.9,328.6,D,0
-6.7524,-55.6246,375.9,1.2,1.1,2019-07-30,1711,Aqua,MODIS,100,6.03,304.5,163.5,D,0
-6.7427,-55.6259,371.3,1.2,1.1,2019-07-30,1711,Aqua,MODIS,100,6.03,306.5,142.9,D,0
-6.7442,-55.6365,390,1.2,1.1,2019-07-30,1711,Aqua,MODIS,100,6.03,306.9,244.4,D,0
-6.733,-55.6273,317.8,1.2,1.1,2019-07-30,1711,Aqua,MODIS,58,6.03,302,9.9,D,0
-6.7344,-55.6378,319.3,1.2,1.1,2019-07-30,1711,Aqua,MODIS,67,6.03,301.3,12.7,D,0
-6.7512,-55.4747,324.9,1.2,1.1,2019-07-30,1711,Aqua,MODIS,74,6.03,303,15.1,D,0
-6.7497,-55.4642,358,1.2,1.1,2019-07-30,1711,Aqua,MODIS,99,6.03,306.2,88.4,D,0
-6.7594,-55.4629,339.3,1.2,1.1,2019-07-30,1711,Aqua,MODIS,89,6.03,303.1,38.1,D,0
-6.7579,-55.4525,334.1,1.2,1.1,2019-07-30,1711,Aqua,MODIS,86,6.03,304.1,28.3,D,0
-7.0376,-55.7631,321.3,1.2,1.1,2019-07-30,1711,Aqua,MODIS,59,6.03,302,15,D,0
-6.732,-55.4679,313.9,1.8,1.3,2019-07-31,0236,Terra,MODIS,88,6.03,292.7,28.1,N,0
-6.737,-55.4736,316.9,1.8,1.3,2019-07-31,0236,Terra,MODIS,94,6.03,293,34.4,N,0
-6.4971,-55.98,327.1,2.9,1.6,2019-07-31,1754,Aqua,MODIS,80,6.03,300,89.3,D,0
-6.9804,-55.4672,318.7,3.1,1.7,2019-07-31,1754,Aqua,MODIS,56,6.03,301.2,41.6,D,0
-6.9758,-55.4394,337.7,3.1,1.7,2019-07-31,1754,Aqua,MODIS,88,6.03,302.8,163.4,D,0
-6.9769,-55.4468,333.2,3.1,1.7,2019-07-31,1754,Aqua,MODIS,85,6.03,302.9,129.1,D,0
-6.7209,-55.4729,327.9,3.2,1.7,2019-07-31,1754,Aqua,MODIS,59,6.03,301.3,90,D,0
-6.9599,-55.4332,306.5,3.3,1.7,2019-08-01,0141,Terra,MODIS,17,6.03,292.7,36.2,N,0
-6.9593,-55.4587,308.6,3.4,1.7,2019-08-01,0141,Terra,MODIS,75,6.03,291.9,47.3,N,0
-6.9709,-55.426,304.3,3.3,1.7,2019-08-01,0141,Terra,MODIS,26,6.03,293.4,29.8,N,0
-7.0257,-55.7316,305.4,3.5,1.8,2019-08-01,0141,Terra,MODIS,64,6.03,291.8,40.3,N,0
-6.9542,-55.4366,305.9,2.9,1.6,2019-08-01,0441,Aqua,MODIS,63,6.03,290.9,32.5,N,0
-6.9547,-55.4291,303.5,2.9,1.6,2019-08-01,0441,Aqua,MODIS,55,6.03,290.9,28.5,N,0
-7.028,-55.7278,305.8,3.1,1.7,2019-08-01,0441,Aqua,MODIS,66,6.03,292,37.4,N,0
-7.0276,-55.7228,304.7,3.1,1.7,2019-08-01,0441,Aqua,MODIS,61,6.03,292.1,34.2,N,0
-6.9653,-55.425,348.4,1,1,2019-08-01,1406,Terra,MODIS,94,6.03,306.2,49.1,D,0
-6.9523,-55.4507,326.8,1,1,2019-08-01,1406,Terra,MODIS,73,6.03,304.2,14.5,D,0
-6.9537,-55.4417,324,1,1,2019-08-01,1406,Terra,MODIS,39,6.03,306.6,11.2,D,0
-6.9666,-55.416,340.8,1,1,2019-08-01,1406,Terra,MODIS,91,6.03,303.3,35.5,D,0
-6.8615,-55.5045,318.1,1,1,2019-08-01,1406,Terra,MODIS,38,6.03,306.7,8.9,D,0
-6.4853,-55.9878,314.7,1,1,2019-08-01,1406,Terra,MODIS,63,6.03,302,7.2,D,0
-6.4867,-55.9786,321.1,1,1,2019-08-01,1406,Terra,MODIS,75,6.03,302.1,13.3,D,0
-6.7507,-55.6297,317.7,1,1,2019-08-01,1406,Terra,MODIS,50,6.03,305.1,9,D,0
-6.5356,-55.4662,316.6,1,1,2019-08-01,1406,Terra,MODIS,43,6.03,305.2,8.2,D,0
-7.0031,-55.5201,320.2,1.9,1.3,2019-08-01,1659,Aqua,MODIS,47,6.03,298.6,27.7,D,0
-7.0387,-55.4756,322.5,1.9,1.3,2019-08-01,1659,Aqua,MODIS,76,6.03,302.9,27.3,D,0
-6.6499,-55.6741,316.3,1.9,1.4,2019-08-01,1659,Aqua,MODIS,33,6.03,302.1,18.6,D,0
-6.5357,-55.4017,315.5,1.8,1.3,2019-08-01,1659,Aqua,MODIS,36,6.03,299.8,16.6,D,0
-6.5335,-55.3852,322.7,1.8,1.3,2019-08-01,1659,Aqua,MODIS,76,6.03,300.7,32.2,D,0
-6.4929,-55.9843,315.1,2,1.4,2019-08-01,1659,Aqua,MODIS,66,6.03,299.9,20,D,0
-6.9948,-55.5163,326.6,1.9,1.3,2019-08-01,1659,Aqua,MODIS,70,6.03,297.5,44.7,D,0
-6.7697,-55.4863,312.7,1.1,1.1,2019-08-02,0224,Terra,MODIS,86,6.03,290.3,13.8,N,0
-6.7711,-55.4965,304.4,1.1,1.1,2019-08-02,0224,Terra,MODIS,60,6.03,290.4,6.9,N,0
-6.7676,-55.4839,330.2,1.2,1.1,2019-08-02,0524,Aqua,MODIS,100,6.03,293,38.8,N,0
-6.7661,-55.4948,303.3,1.2,1.1,2019-08-02,0524,Aqua,MODIS,55,6.03,292.4,6.8,N,0
-6.9124,-55.5617,311.1,4.5,2,2019-08-02,1449,Terra,MODIS,24,6.03,295,45.3,D,0
-6.9067,-55.5972,310.8,4.5,2,2019-08-02,1449,Terra,MODIS,62,6.03,295,50,D,0
-6.9118,-55.5565,309.5,4.5,2,2019-08-02,1449,Terra,MODIS,28,6.03,295,35.4,D,0
-7.0171,-55.7461,332.1,1.7,1.3,2019-08-02,1742,Aqua,MODIS,80,6.03,301.3,50.6,D,0
-7.0148,-55.7396,324.2,1.7,1.3,2019-08-02,1742,Aqua,MODIS,77,6.03,300.9,31,D,0
-6.9649,-55.4251,346.2,1.8,1.3,2019-08-02,1742,Aqua,MODIS,88,6.03,301.9,107.1,D,0
-6.9624,-55.4089,363.4,1.8,1.3,2019-08-02,1742,Aqua,MODIS,100,6.03,303.4,205.3,D,0
-6.9673,-55.4153,359.8,1.8,1.3,2019-08-02,1742,Aqua,MODIS,99,6.03,303.9,181.9,D,0
-6.9215,-55.5859,328.4,1.8,1.3,2019-08-02,1742,Aqua,MODIS,81,6.03,301,44.2,D,0
-7.0172,-55.7549,332.4,1.7,1.3,2019-08-02,1742,Aqua,MODIS,80,6.03,298.2,52.6,D,0
-7.0127,-55.7415,322.3,1.4,1.2,2019-08-03,1354,Terra,MODIS,79,6.03,299.9,23,D,0
-6.5999,-55.7108,314.1,1.4,1.2,2019-08-03,1354,Terra,MODIS,61,6.03,298.8,10.7,D,0
-6.6603,-55.694,315.7,3.4,1.7,2019-08-03,1647,Aqua,MODIS,57,6.03,292.9,54.1,D,0
-6.837,-55.5371,311.6,3.3,1.7,2019-08-03,1647,Aqua,MODIS,46,6.03,294.4,23.2,D,0
-7.009,-55.7442,319.4,3.5,1.8,2019-08-03,1647,Aqua,MODIS,71,6.03,296,62.6,D,0
-6.7212,-55.4913,316,3.3,1.7,2019-08-03,1647,Aqua,MODIS,32,6.03,297.8,30.5,D,0
-6.6556,-55.6875,314.5,3.4,1.7,2019-08-03,1647,Aqua,MODIS,47,6.03,294,47.8,D,0
-6.649,-55.3859,317.4,3.2,1.7,2019-08-03,1647,Aqua,MODIS,70,6.03,294.3,43.9,D,0
-6.9226,-55.7349,333.1,3.5,1.8,2019-08-03,1647,Aqua,MODIS,86,6.03,295.6,171.3,D,0
-6.9163,-55.7314,325.4,3.5,1.8,2019-08-03,1647,Aqua,MODIS,80,6.03,295,111.5,D,0
-6.932,-55.7294,342.6,3.5,1.8,2019-08-03,1647,Aqua,MODIS,92,6.03,296.1,261.1,D,0
-6.6515,-55.3928,316.7,3.2,1.7,2019-08-03,1647,Aqua,MODIS,69,6.03,293.6,38.8,D,0
-6.9383,-55.7331,334.2,3.5,1.8,2019-08-03,1647,Aqua,MODIS,87,6.03,295.8,181.1,D,0
-7.0147,-55.7505,319.7,3.5,1.8,2019-08-03,1647,Aqua,MODIS,74,6.03,296.2,69.3,D,0
-6.9343,-55.7021,310.3,3.4,1.7,2019-08-03,1647,Aqua,MODIS,52,6.03,294.8,28.5,D,0
-6.5941,-55.7188,306.9,1,1,2019-08-04,0212,Terra,MODIS,49,6.03,283.5,7.6,N,0
-6.6019,-55.7083,328.1,1,1,2019-08-04,0212,Terra,MODIS,100,6.03,286.9,28.8,N,0
-6.9076,-55.5891,315.6,1,1,2019-08-04,0212,Terra,MODIS,91,6.03,293.1,14.1,N,0
-6.5928,-55.7095,328.1,1,1,2019-08-04,0212,Terra,MODIS,100,6.03,289.8,28.7,N,0
-6.628,-55.7615,303.5,1,1,2019-08-04,0212,Terra,MODIS,56,6.03,292,4.3,N,0
-6.6189,-55.7629,314.6,1,1,2019-08-04,0212,Terra,MODIS,31,6.03,292.6,10.6,N,0
-6.6202,-55.7722,346.7,1,1,2019-08-04,0212,Terra,MODIS,100,6.03,295,56.1,N,0
-6.6215,-55.7815,326.7,1,1,2019-08-04,0212,Terra,MODIS,100,6.03,292.8,23.9,N,0
-6.6111,-55.7735,315.4,1,1,2019-08-04,0212,Terra,MODIS,69,6.03,292.7,11.2,N,0
-6.6124,-55.7828,320.6,1,1,2019-08-04,0212,Terra,MODIS,100,6.03,292.2,16.8,N,0
-6.598,-55.7468,309.4,1,1,2019-08-04,0212,Terra,MODIS,64,6.03,292,7.9,N,0
-6.5993,-55.7561,304.2,1,1,2019-08-04,0212,Terra,MODIS,45,6.03,291.8,4.2,N,0
-6.6006,-55.7654,307.2,1,1,2019-08-04,0212,Terra,MODIS,8,6.03,292.1,5.5,N,0
-6.6019,-55.7748,326.1,1,1,2019-08-04,0212,Terra,MODIS,100,6.03,292.9,23.3,N,0
-6.6032,-55.7841,315,1,1,2019-08-04,0212,Terra,MODIS,90,6.03,291.7,12,N,0
-6.5889,-55.7481,314.5,1,1,2019-08-04,0212,Terra,MODIS,88,6.03,292,11.3,N,0
-6.8362,-55.4112,305.4,1,1,2019-08-04,0212,Terra,MODIS,15,6.03,289.8,5.6,N,0
-6.8349,-55.4021,317.8,1,1,2019-08-04,0212,Terra,MODIS,96,6.03,290.4,15,N,0
-6.6007,-55.699,304.5,1,1,2019-08-04,0212,Terra,MODIS,34,6.03,283.9,7.5,N,0
-6.5987,-55.7748,309.6,1,1,2019-08-04,0512,Aqua,MODIS,67,6.03,288.2,8.5,N,0
-6.5937,-55.7463,305.6,1,1,2019-08-04,0512,Aqua,MODIS,65,6.03,286.4,6.4,N,0
-6.8385,-55.3985,302.3,1,1,2019-08-04,0512,Aqua,MODIS,39,6.03,291.4,3.9,N,0
-6.8308,-55.3883,305.1,1,1,2019-08-04,0512,Aqua,MODIS,63,6.03,291.9,5.4,N,0
-6.8295,-55.3972,323.3,1,1,2019-08-04,0512,Aqua,MODIS,100,6.03,292.9,20.4,N,0
-6.5915,-55.6997,314.6,1,1,2019-08-04,0512,Aqua,MODIS,67,6.03,284.1,12.1,N,0
-6.6004,-55.701,305.6,1,1,2019-08-04,0512,Aqua,MODIS,29,6.03,283.2,6.3,N,0
-6.648,-55.6869,311.5,1,1,2019-08-04,0512,Aqua,MODIS,83,6.03,286,10.6,N,0
-6.9122,-55.5812,307.2,1,1,2019-08-04,0512,Aqua,MODIS,71,6.03,290.1,7.7,N,0
-6.6584,-55.6792,310.1,1,1,2019-08-04,0512,Aqua,MODIS,79,6.03,285.7,9.2,N,0
-6.6494,-55.6779,317,1,1,2019-08-04,0512,Aqua,MODIS,94,6.03,286.5,14.7,N,0
-6.5901,-55.7087,316.2,1,1,2019-08-04,0512,Aqua,MODIS,93,6.03,285,13.8,N,0
-6.6521,-55.6598,307.7,1,1,2019-08-04,0512,Aqua,MODIS,72,6.03,285.1,8.3,N,0
-6.6507,-55.6688,315.5,1,1,2019-08-04,0512,Aqua,MODIS,91,6.03,285.9,13.8,N,0
-6.5991,-55.7101,306.4,1,1,2019-08-04,0512,Aqua,MODIS,68,6.03,283.5,7.4,N,0
-6.6168,-55.7774,310.2,1,1,2019-08-04,0512,Aqua,MODIS,25,6.03,287.6,8.5,N,0
-6.5851,-55.6803,304.3,1,1,2019-08-04,0512,Aqua,MODIS,21,6.03,283.9,5.3,N,0
-6.6181,-55.7684,315.9,1,1,2019-08-04,0512,Aqua,MODIS,92,6.03,287.7,13.1,N,0
-6.6543,-55.6608,313.1,2.5,1.5,2019-08-04,1437,Terra,MODIS,70,6.03,294.2,31,D,0
-6.6818,-55.8289,308.1,2.4,1.5,2019-08-04,1437,Terra,MODIS,63,6.03,293.7,18.9,D,0
-6.6513,-55.6834,310.7,2.5,1.5,2019-08-04,1437,Terra,MODIS,62,6.03,294.5,24.4,D,0
-6.6611,-55.6673,311.9,2.5,1.5,2019-08-04,1437,Terra,MODIS,56,6.03,293.5,27.7,D,0
-7.0123,-55.7392,318.6,1.1,1,2019-08-04,1730,Aqua,MODIS,71,6.03,301,10.6,D,0
-6.7148,-55.8286,334.9,1.1,1,2019-08-04,1730,Aqua,MODIS,88,6.03,297.3,29.1,D,0
-6.7026,-55.8104,321.3,1.1,1,2019-08-04,1730,Aqua,MODIS,26,6.03,295.3,12.3,D,0
-6.704,-55.8202,446.9,1.1,1,2019-08-04,1730,Aqua,MODIS,100,6.03,309.4,759.4,D,0
-6.7054,-55.8301,397.7,1.1,1,2019-08-04,1730,Aqua,MODIS,100,6.03,301.9,263.3,D,0
-6.6649,-55.684,319.5,1.1,1.1,2019-08-04,1730,Aqua,MODIS,36,6.03,297.1,12.4,D,0
-6.6569,-55.6954,328.2,1.1,1.1,2019-08-04,1730,Aqua,MODIS,65,6.03,295.6,21.9,D,0
-6.6525,-55.6654,328.4,1.1,1.1,2019-08-04,1730,Aqua,MODIS,57,6.03,296.4,20.6,D,0
-6.6539,-55.6754,329.4,1.1,1.1,2019-08-04,1730,Aqua,MODIS,51,6.03,298.6,21,D,0
-6.9152,-55.7098,353,1.1,1,2019-08-04,1730,Aqua,MODIS,97,6.03,295.5,72,D,0
-6.6946,-55.8216,412,1.1,1,2019-08-04,1730,Aqua,MODIS,100,6.03,302.2,368.4,D,0
-6.6961,-55.8315,432.1,1.1,1,2019-08-04,1730,Aqua,MODIS,100,6.03,308.1,568.5,D,0
-6.6975,-55.8413,331.2,1.1,1,2019-08-04,1730,Aqua,MODIS,67,6.03,294.8,25.4,D,0
-6.6853,-55.823,363,1.1,1,2019-08-04,1730,Aqua,MODIS,100,6.03,297.7,96.4,D,0
-6.6867,-55.8328,409.6,1.1,1,2019-08-04,1730,Aqua,MODIS,100,6.03,302.5,351.3,D,0
-6.6882,-55.8428,370.4,1.1,1,2019-08-04,1730,Aqua,MODIS,100,6.03,298.7,126.2,D,0
-6.6759,-55.8244,322.2,1.1,1,2019-08-04,1730,Aqua,MODIS,29,6.03,296.2,13.7,D,0
-6.6773,-55.8342,349.7,1.1,1,2019-08-04,1730,Aqua,MODIS,95,6.03,297.7,63.3,D,0
-6.6788,-55.844,319.7,1.1,1,2019-08-04,1730,Aqua,MODIS,54,6.03,295.2,12.3,D,0
-6.9167,-55.7197,361.8,1.1,1,2019-08-04,1730,Aqua,MODIS,100,6.03,298.2,98.1,D,0
-6.9182,-55.7296,317.5,1.1,1,2019-08-04,1730,Aqua,MODIS,62,6.03,297.2,10.4,D,0
-6.5408,-55.4715,318.3,1.1,1.1,2019-08-04,1730,Aqua,MODIS,73,6.03,285.9,15.1,D,0
-6.9425,-55.6344,313.3,1.1,1.1,2019-08-04,1730,Aqua,MODIS,61,6.03,295.6,8.7,D,0
-7.0306,-55.4706,319.2,1.1,1.1,2019-08-04,1730,Aqua,MODIS,72,6.03,293.3,9.9,D,0
-6.9631,-55.4082,313.1,1.1,1.1,2019-08-04,1730,Aqua,MODIS,48,6.03,291.1,6.7,D,0
-6.4444,-55.938,327.5,1.1,1,2019-08-04,1730,Aqua,MODIS,83,6.03,297.2,22.1,D,0
-6.4889,-55.9347,343.8,1.1,1,2019-08-04,1730,Aqua,MODIS,93,6.03,290.1,52.4,D,0
-6.4248,-55.5676,314.4,1.1,1.1,2019-08-04,1730,Aqua,MODIS,61,6.03,289.8,8.6,D,0
-6.7134,-55.8188,350.5,1.1,1,2019-08-04,1730,Aqua,MODIS,96,6.03,296.2,59.7,D,0
-6.5423,-55.4818,319.2,1.1,1.1,2019-08-04,1730,Aqua,MODIS,74,6.03,285.4,15.5,D,0
-6.6554,-55.6854,342.9,1.1,1.1,2019-08-04,1730,Aqua,MODIS,92,6.03,298.7,46.1,D,0
-6.6142,-55.7083,326.7,1.1,1.1,2019-08-04,1730,Aqua,MODIS,65,6.03,298.4,20.2,D,0
-6.4715,-55.9938,315.2,1.1,1,2019-08-04,1730,Aqua,MODIS,56,6.03,294.4,8.9,D,0
-6.4701,-55.9841,326.3,1.1,1,2019-08-04,1730,Aqua,MODIS,71,6.03,298.8,21.4,D,0
-6.4775,-55.9862,324.1,1.1,1,2019-08-04,1730,Aqua,MODIS,80,6.03,294.8,19.1,D,0
-6.6055,-55.7808,329.7,1.1,1,2019-08-04,1730,Aqua,MODIS,77,6.03,294.7,24.8,D,0
-6.6258,-55.7879,322.6,1.1,1,2019-08-04,1730,Aqua,MODIS,51,6.03,295.5,15.5,D,0
-6.6243,-55.778,326,1.1,1,2019-08-04,1730,Aqua,MODIS,71,6.03,297.6,19.5,D,0
-6.6281,-55.7607,330.8,1.1,1,2019-08-04,1730,Aqua,MODIS,85,6.03,297.8,25.6,D,0
-6.6932,-55.8118,360.3,1.1,1,2019-08-04,1730,Aqua,MODIS,100,6.03,299,89.7,D,0
-6.6048,-55.7098,333.5,1.1,1.1,2019-08-04,1730,Aqua,MODIS,87,6.03,298.9,31.7,D,0
-6.4875,-55.9249,306.5,1.1,1,2019-08-04,1730,Aqua,MODIS,27,6.03,288.9,3.3,D,0
-6.8972,-55.9486,324.4,1.1,1,2019-08-04,1730,Aqua,MODIS,80,6.03,299.6,17.6,D,0
-6.9246,-55.7084,344,1.1,1,2019-08-04,1730,Aqua,MODIS,93,6.03,294.6,49.9,D,0
-6.9261,-55.7183,358.4,1.1,1,2019-08-04,1730,Aqua,MODIS,99,6.03,299.5,86.5,D,0
-6.7091,-55.836,315.9,3.8,1.8,2019-08-05,0255,Terra,MODIS,92,6.03,274.8,108.8,N,0
-6.687,-55.8042,314,3.9,1.8,2019-08-05,0255,Terra,MODIS,88,6.03,278.7,98.3,N,0
-6.6764,-55.8417,303.8,3.8,1.8,2019-08-05,0255,Terra,MODIS,57,6.03,276.3,51.3,N,0
-6.693,-55.7964,316,3.9,1.8,2019-08-05,0255,Terra,MODIS,92,6.03,277.6,108.3,N,0
-6.6928,-55.8393,325.3,3.8,1.8,2019-08-05,0255,Terra,MODIS,100,6.03,276.8,173.2,N,0
-6.7034,-55.8013,315.6,3.9,1.8,2019-08-05,0255,Terra,MODIS,92,6.03,276.4,109.4,N,0
-6.6989,-55.831,335.9,3.8,1.8,2019-08-05,0255,Terra,MODIS,100,6.03,276.9,268.1,N,0
-6.7045,-55.78,305.4,4.4,1.9,2019-08-05,0555,Aqua,MODIS,64,6.03,287.1,57.4,N,0
-6.6813,-55.8089,317.8,4.3,1.9,2019-08-05,0555,Aqua,MODIS,96,6.03,289.1,132.2,N,0
-6.6872,-55.7776,300.3,4.4,1.9,2019-08-05,0555,Aqua,MODIS,13,6.03,287.4,31.3,N,0
-6.6995,-55.8195,319.9,4.3,1.9,2019-08-05,0555,Aqua,MODIS,99,6.03,288.6,151.4,N,0
-6.6985,-55.8117,326.9,4.3,1.9,2019-08-05,0555,Aqua,MODIS,100,6.03,288.8,211.4,N,0
-6.6823,-55.8172,320.6,4.3,1.9,2019-08-05,0555,Aqua,MODIS,100,6.03,289,156,N,0
-6.7087,-55.47,308.8,2.3,1.5,2019-08-05,1342,Terra,MODIS,0,6.03,275.4,23.9,D,0
-6.6912,-55.8163,335.9,2.4,1.5,2019-08-05,1342,Terra,MODIS,90,6.03,290.6,115.8,D,0
-6.7088,-55.8484,356.6,2.4,1.5,2019-08-05,1342,Terra,MODIS,98,6.03,290.2,262.2,D,0
-6.6743,-55.836,323.3,2.4,1.5,2019-08-05,1342,Terra,MODIS,81,6.03,289.5,62.8,D,0
-6.6878,-55.8379,327.4,2.4,1.5,2019-08-05,1342,Terra,MODIS,54,6.03,290.1,74,D,0
-6.7125,-55.8265,355.8,2.4,1.5,2019-08-05,1342,Terra,MODIS,98,6.03,291,254.4,D,0
-6.7047,-55.8184,331.8,2.4,1.5,2019-08-05,1342,Terra,MODIS,87,6.03,290.5,94.8,D,0
-6.7146,-55.8425,380.1,2.4,1.5,2019-08-05,1342,Terra,MODIS,100,6.03,292.6,543.5,D,0
-6.6024,-55.7132,301.8,1.5,1.2,2019-08-06,0200,Terra,MODIS,27,6.03,283.4,8.7,N,0
-6.7079,-55.8181,334.1,1.5,1.2,2019-08-06,0200,Terra,MODIS,100,6.03,284.9,62.2,N,0
-6.7098,-55.832,337.9,1.5,1.2,2019-08-06,0200,Terra,MODIS,100,6.03,286.7,71.9,N,0
-6.7117,-55.8459,338.9,1.6,1.2,2019-08-06,0200,Terra,MODIS,100,6.03,287.6,75.9,N,0
-6.6988,-55.8334,325.4,1.5,1.2,2019-08-06,0200,Terra,MODIS,79,6.03,284.5,38.7,N,0
-6.7006,-55.8474,328.7,1.6,1.2,2019-08-06,0200,Terra,MODIS,100,6.03,284.4,47.4,N,0
-6.7099,-55.8117,317.1,1.4,1.2,2019-08-06,0459,Aqua,MODIS,37,6.03,286.9,21.9,N,0
-6.6956,-55.8349,315.6,1.4,1.2,2019-08-06,0459,Aqua,MODIS,33,6.03,287.8,18.9,N,0
-6.7061,-55.8367,324.4,1.4,1.2,2019-08-06,0459,Aqua,MODIS,67,6.03,287.6,33.5,N,0
-6.708,-55.8241,319.6,1.4,1.2,2019-08-06,0459,Aqua,MODIS,48,6.03,286.3,25,N,0
-6.9478,-55.3908,301.3,1.3,1.1,2019-08-06,0500,Aqua,MODIS,39,6.03,285,8.6,N,0
-6.9562,-55.3929,368.5,1,1,2019-08-06,1717,Aqua,MODIS,100,6.03,300.6,107.5,D,0
-6.9184,-55.583,312.8,1,1,2019-08-06,1717,Aqua,MODIS,46,6.03,295.4,6.9,D,0
-7.0282,-55.5174,408.4,1,1,2019-08-06,1717,Aqua,MODIS,100,6.03,305.5,309.3,D,0
-7.0294,-55.5266,350.7,1,1,2019-08-06,1717,Aqua,MODIS,96,6.03,300.4,56,D,0
-7.0191,-55.5187,408.1,1,1,2019-08-06,1717,Aqua,MODIS,100,6.03,304.7,307.6,D,0
-7.0709,-55.4268,364.1,1,1,2019-08-06,1717,Aqua,MODIS,100,6.03,305.7,89,D,0
-6.5093,-55.8839,329.7,1,1,2019-08-06,1717,Aqua,MODIS,53,6.03,295.9,22,D,0
-6.9186,-55.7153,326.4,1,1,2019-08-06,1717,Aqua,MODIS,80,6.03,300.4,18.7,D,0
-6.9122,-55.4086,324.2,1,1,2019-08-06,1717,Aqua,MODIS,54,6.03,300.4,12.2,D,0
-6.9575,-55.402,327.8,1,1,2019-08-06,1717,Aqua,MODIS,81,6.03,298.3,19.5,D,0
-6.7153,-55.8422,318.7,1,1,2019-08-06,1717,Aqua,MODIS,0,6.03,291.9,9.7,D,0
-6.7126,-55.8235,342.1,1,1,2019-08-06,1717,Aqua,MODIS,0,6.03,291.4,40.5,D,0
-7.0204,-55.528,339.5,1,1,2019-08-06,1717,Aqua,MODIS,90,6.03,302.1,35,D,0
-6.6805,-55.8464,308.8,2.5,1.5,2019-08-07,0542,Aqua,MODIS,76,6.03,290.4,31.5,N,0
-6.6834,-55.8243,302.4,2.5,1.5,2019-08-07,0542,Aqua,MODIS,11,6.03,290.3,17.8,N,0
-6.6941,-55.8482,312.1,2.5,1.5,2019-08-07,0542,Aqua,MODIS,71,6.03,290.5,37,N,0
-6.697,-55.8263,313.7,2.5,1.5,2019-08-07,0542,Aqua,MODIS,85,6.03,291,42.6,N,0
-6.6936,-55.8388,312.6,4.2,1.9,2019-08-07,1330,Terra,MODIS,64,6.03,291.5,57.9,D,0
-6.7616,-55.4179,314.7,4.2,1.9,2019-08-07,1800,Aqua,MODIS,61,6.03,293.7,53.2,D,0
-6.8266,-55.4787,333.1,4.1,1.9,2019-08-07,1800,Aqua,MODIS,75,6.03,297.8,207.3,D,0
-6.8205,-55.4418,321.2,4.2,1.9,2019-08-07,1800,Aqua,MODIS,76,6.03,295.4,96.2,D,0
-6.763,-55.5322,317.7,4.1,1.9,2019-08-07,1800,Aqua,MODIS,58,6.03,296.6,71.8,D,0
-6.7698,-55.4502,316.5,4.2,1.9,2019-08-07,1800,Aqua,MODIS,61,6.03,294.9,66.3,D,0
-6.7677,-55.4553,314,4.2,1.9,2019-08-07,1800,Aqua,MODIS,35,6.03,293.7,46.3,D,0
-6.7215,-55.8423,314.5,3.9,1.8,2019-08-07,1800,Aqua,MODIS,44,6.03,296,59.3,D,0
-6.7117,-55.8362,318.5,3.9,1.8,2019-08-07,1800,Aqua,MODIS,73,6.03,292.7,82.8,D,0
-6.8312,-55.47,321.5,4.1,1.9,2019-08-07,1800,Aqua,MODIS,59,6.03,298.3,95.2,D,0
-6.9556,-55.3856,307.5,2.5,1.5,2019-08-08,0147,Terra,MODIS,68,6.03,291.8,25.1,N,0
-6.9584,-55.4079,303.4,2.5,1.5,2019-08-08,0147,Terra,MODIS,20,6.03,292.2,16.2,N,0
-6.6911,-55.8765,309.6,2.7,1.6,2019-08-08,0147,Terra,MODIS,43,6.03,293.6,31.9,N,0
-6.6878,-55.8518,341.8,2.7,1.6,2019-08-08,0147,Terra,MODIS,100,6.03,297,190.6,N,0
-6.6809,-55.871,311.8,2.7,1.6,2019-08-08,0147,Terra,MODIS,83,6.03,293.5,40.4,N,0
-6.6778,-55.8467,321.4,2.7,1.6,2019-08-08,0147,Terra,MODIS,100,6.03,294,75.2,N,0
-6.695,-55.8693,323,2.7,1.6,2019-08-08,0147,Terra,MODIS,100,6.03,294.5,82.9,N,0
-6.6918,-55.8446,338.3,2.7,1.6,2019-08-08,0147,Terra,MODIS,100,6.03,296.4,166.6,N,0
-6.706,-55.8429,308.1,2.7,1.6,2019-08-08,0147,Terra,MODIS,74,6.03,294.2,31.5,N,0
-6.9622,-55.3909,309.9,2.5,1.5,2019-08-08,0147,Terra,MODIS,79,6.03,292.8,34.1,N,0
-6.8166,-55.5608,301.9,2.6,1.5,2019-08-08,0147,Terra,MODIS,45,6.03,291.7,17.3,N,0
-6.4386,-55.3992,303.1,2.5,1.5,2019-08-08,0147,Terra,MODIS,53,6.03,292.5,18.8,N,0
-6.6884,-55.8523,320,2.4,1.5,2019-08-08,0447,Aqua,MODIS,100,6.03,293.7,62,N,0
-6.6919,-55.8307,312.1,2.4,1.5,2019-08-08,0447,Aqua,MODIS,84,6.03,293.9,37.2,N,0
-6.6785,-55.8288,305.6,2.4,1.5,2019-08-08,0447,Aqua,MODIS,65,6.03,292.8,21.8,N,0
-6.675,-55.8503,315.8,2.4,1.5,2019-08-08,0447,Aqua,MODIS,92,6.03,293.2,49,N,0
-6.4366,-55.3865,342.3,1,1,2019-08-08,1412,Terra,MODIS,91,6.03,304.7,42.4,D,0
-7.0244,-55.5261,316.7,1,1,2019-08-08,1412,Terra,MODIS,60,6.03,303,7.9,D,0
-7.0403,-55.4808,319.6,1,1,2019-08-08,1412,Terra,MODIS,33,6.03,304.3,6.9,D,0
-6.7519,-55.629,317,1,1,2019-08-08,1412,Terra,MODIS,28,6.03,305.3,8.3,D,0
-6.7428,-55.6277,317.5,1,1,2019-08-08,1412,Terra,MODIS,52,6.03,306,9.1,D,0
-6.4655,-56.0128,310.1,1,1,2019-08-08,1412,Terra,MODIS,42,6.03,298.4,4.3,D,0
-6.6168,-55.6694,318.1,1,1,2019-08-08,1412,Terra,MODIS,41,6.03,303.4,6.4,D,0
-6.6926,-55.8449,333.9,1,1,2019-08-08,1412,Terra,MODIS,52,6.03,306.3,23.6,D,0
-6.6913,-55.8539,334.6,1,1,2019-08-08,1412,Terra,MODIS,77,6.03,304.5,27,D,0
-6.6835,-55.8436,331.1,1,1,2019-08-08,1412,Terra,MODIS,63,6.03,306.1,21.2,D,0
-6.8142,-55.5784,324,1,1,2019-08-08,1412,Terra,MODIS,52,6.03,302.2,13.9,D,0
-6.6822,-55.8527,331.1,1,1,2019-08-08,1412,Terra,MODIS,82,6.03,304.5,23,D,0
-6.8212,-55.4658,334.6,1,1,2019-08-08,1412,Terra,MODIS,87,6.03,304.5,26.1,D,0
-6.8168,-55.5599,329.5,1,1,2019-08-08,1412,Terra,MODIS,52,6.03,307.5,19.9,D,0
-6.7505,-55.3828,328.4,1,1,2019-08-08,1412,Terra,MODIS,82,6.03,303,18.7,D,0
-6.6189,-55.7818,313.5,1,1,2019-08-08,1412,Terra,MODIS,49,6.03,301.3,6.3,D,0
-6.7492,-55.3921,328.5,1,1,2019-08-08,1412,Terra,MODIS,82,6.03,305.2,19,D,0
-6.9528,-55.3858,320.5,1,1,2019-08-08,1412,Terra,MODIS,42,6.03,306.4,11.1,D,0
-6.4282,-55.3883,333.1,1,1,2019-08-08,1412,Terra,MODIS,86,6.03,303.4,26.8,D,0
-7.0359,-55.8256,319.5,1,1,2019-08-08,1412,Terra,MODIS,30,6.03,307.9,10.3,D,0
-6.6433,-55.5511,337,1,1,2019-08-08,1412,Terra,MODIS,88,6.03,301.4,33.4,D,0
-6.6447,-55.5419,333.5,1,1,2019-08-08,1412,Terra,MODIS,86,6.03,302.7,27.6,D,0
-6.4353,-55.3957,348.4,1,1,2019-08-08,1412,Terra,MODIS,94,6.03,306,54,D,0
-6.4771,-55.4977,326.4,1.4,1.2,2019-08-08,1705,Aqua,MODIS,78,6.03,303.3,25.9,D,0
-6.4754,-55.4849,321.8,1.4,1.2,2019-08-08,1705,Aqua,MODIS,57,6.03,300.8,17.1,D,0
-6.9935,-55.611,344.9,1.5,1.2,2019-08-08,1705,Aqua,MODIS,93,6.03,305.9,80.5,D,0
-6.748,-55.3905,349.2,1.4,1.2,2019-08-08,1705,Aqua,MODIS,95,6.03,302.5,86.8,D,0
-6.8259,-55.5651,337.5,1.5,1.2,2019-08-08,1705,Aqua,MODIS,76,6.03,307.3,52.9,D,0
-6.9157,-55.7089,323.1,1.5,1.2,2019-08-08,1705,Aqua,MODIS,77,6.03,300.7,26.4,D,0
-6.8045,-55.568,323.3,1.5,1.2,2019-08-08,1705,Aqua,MODIS,56,6.03,297.9,22.2,D,0
-6.8152,-55.5665,369.7,1.5,1.2,2019-08-08,1705,Aqua,MODIS,100,6.03,308.1,184.8,D,0
-6.8134,-55.5533,359.2,1.5,1.2,2019-08-08,1705,Aqua,MODIS,94,6.03,303,127.4,D,0
-6.4814,-55.4907,323.8,1.4,1.2,2019-08-08,1705,Aqua,MODIS,54,6.03,304.2,21.1,D,0
-6.6842,-55.8601,312.9,1.3,1.1,2019-08-09,0230,Terra,MODIS,85,6.03,293.7,14.2,N,0
-6.9128,-55.4105,304.7,1.4,1.2,2019-08-09,0230,Terra,MODIS,61,6.03,290.1,9.6,N,0
-6.8049,-55.4462,314.9,1.4,1.2,2019-08-09,0230,Terra,MODIS,90,6.03,292.4,20.3,N,0
-6.803,-55.4338,312.7,1.4,1.2,2019-08-09,0230,Terra,MODIS,85,6.03,292.5,17.5,N,0
-6.6569,-55.6816,305.1,1.3,1.1,2019-08-09,0230,Terra,MODIS,63,6.03,292.4,7.9,N,0
-6.6926,-55.847,307.1,1.3,1.1,2019-08-09,0230,Terra,MODIS,32,6.03,294.2,7.8,N,0
-6.6824,-55.8485,306.6,1.3,1.1,2019-08-09,0230,Terra,MODIS,14,6.03,293.8,7.4,N,0
-6.597,-55.6848,303.1,1.3,1.1,2019-08-09,0230,Terra,MODIS,50,6.03,292.4,6.4,N,0
-6.9232,-55.4089,302.2,1.4,1.2,2019-08-09,0230,Terra,MODIS,47,6.03,290.6,7.1,N,0
-6.6006,-55.709,305.5,1.3,1.1,2019-08-09,0230,Terra,MODIS,64,6.03,292.5,8.7,N,0
-6.6782,-55.8498,303.1,1.4,1.2,2019-08-09,0530,Aqua,MODIS,7,6.03,292.9,7.2,N,0
-6.9685,-55.4108,317.7,2.4,1.5,2019-08-09,1748,Aqua,MODIS,46,6.03,300,21.3,D,0
-6.7607,-55.3951,321.5,2.4,1.5,2019-08-09,1748,Aqua,MODIS,74,6.03,297.8,43.5,D,0
-6.7839,-55.6303,320.2,2.3,1.5,2019-08-09,1748,Aqua,MODIS,72,6.03,300.4,36.3,D,0
-6.4682,-55.4844,305.9,4.4,1.9,2019-08-10,0135,Terra,MODIS,66,6.03,290.8,56.1,N,0
-6.4699,-55.478,310.5,4.4,1.9,2019-08-10,0135,Terra,MODIS,80,6.03,290.8,77.7,N,0
-6.8466,-55.7094,331.4,1.1,1.1,2019-08-10,1400,Terra,MODIS,83,6.03,305.3,27.5,D,0
-6.7762,-55.6306,325.6,1.1,1.1,2019-08-10,1400,Terra,MODIS,78,6.03,304.2,18.7,D,0
-6.7857,-55.632,321.7,1.1,1.1,2019-08-10,1400,Terra,MODIS,74,6.03,300.7,14.6,D,0
-6.8568,-55.5165,380.1,1.1,1,2019-08-10,1400,Terra,MODIS,75,6.03,308,166.3,D,0
-6.8583,-55.5066,359.3,1.1,1,2019-08-10,1400,Terra,MODIS,99,6.03,308.6,84.9,D,0
-6.8662,-55.5179,421.1,1.1,1,2019-08-10,1400,Terra,MODIS,75,6.03,312.9,457.9,D,0
-6.8677,-55.5079,391.7,1.1,1,2019-08-10,1400,Terra,MODIS,100,6.03,311.4,227.5,D,0
-6.4709,-55.4681,369.4,1.1,1.1,2019-08-10,1400,Terra,MODIS,100,6.03,306.5,123,D,0
-6.4724,-55.4581,346.9,1.1,1.1,2019-08-10,1400,Terra,MODIS,94,6.03,305.4,55.6,D,0
-7.0466,-55.6695,391.1,1.1,1.1,2019-08-10,1400,Terra,MODIS,100,6.03,306.9,230.1,D,0
-7.0482,-55.6595,351,1.1,1.1,2019-08-10,1400,Terra,MODIS,96,6.03,304.1,65.9,D,0
-7.0561,-55.6709,318.6,1.1,1.1,2019-08-10,1400,Terra,MODIS,60,6.03,303.4,10.7,D,0
-7.0576,-55.6608,316.8,1.1,1.1,2019-08-10,1400,Terra,MODIS,47,6.03,303.2,8.8,D,0
-6.8355,-55.7181,358.9,1.1,1.1,2019-08-10,1400,Terra,MODIS,99,6.03,304.4,90.4,D,0
-6.8371,-55.708,360.5,1.1,1.1,2019-08-10,1400,Terra,MODIS,100,6.03,303.2,96.2,D,0
-6.845,-55.7195,333,1.1,1.1,2019-08-10,1400,Terra,MODIS,81,6.03,307.8,29.7,D,0
-6.853,-55.731,329.1,1.1,1.1,2019-08-10,1400,Terra,MODIS,79,6.03,307.8,24.2,D,0
-6.7826,-55.6519,342,1.1,1.1,2019-08-10,1400,Terra,MODIS,91,6.03,301.1,47.5,D,0
-6.8655,-55.746,352.8,2.6,1.6,2019-08-10,1653,Aqua,MODIS,96,6.03,303.3,248.4,D,0
-6.6367,-55.396,318.9,2.4,1.5,2019-08-10,1653,Aqua,MODIS,70,6.03,296.9,34.2,D,0
-6.7854,-55.6219,332.1,2.5,1.5,2019-08-10,1653,Aqua,MODIS,75,6.03,300.7,85.6,D,0
-6.7885,-55.6445,373.5,2.6,1.5,2019-08-10,1653,Aqua,MODIS,100,6.03,302.8,470.7,D,0
-6.841,-55.5614,331.5,2.5,1.5,2019-08-10,1653,Aqua,MODIS,84,6.03,301.6,83.8,D,0
-7.0212,-55.7613,315.7,2.6,1.6,2019-08-10,1653,Aqua,MODIS,37,6.03,298.4,26.8,D,0
-6.8624,-55.5126,321.5,2.5,1.5,2019-08-10,1653,Aqua,MODIS,64,6.03,303,38.5,D,0
-6.4329,-55.5474,328.5,2.5,1.5,2019-08-10,1653,Aqua,MODIS,82,6.03,300.4,71.3,D,0
-6.87,-55.7399,336.9,2.6,1.6,2019-08-10,1653,Aqua,MODIS,88,6.03,301.3,125.9,D,0
-6.8484,-55.7243,335.9,2.6,1.6,2019-08-10,1653,Aqua,MODIS,87,6.03,304.4,119.5,D,0
-6.8345,-55.7263,320.1,2.6,1.6,2019-08-10,1653,Aqua,MODIS,40,6.03,299.2,42.2,D,0
-6.8302,-55.5859,319.4,2.5,1.5,2019-08-10,1653,Aqua,MODIS,64,6.03,302.4,36.4,D,0
-6.7838,-55.6612,356.7,2.6,1.5,2019-08-10,1653,Aqua,MODIS,98,6.03,299.5,272.1,D,0
-6.8761,-55.5109,329.2,2.5,1.5,2019-08-10,1653,Aqua,MODIS,76,6.03,304.2,70,D,0
-6.8686,-55.5065,331.7,2.5,1.5,2019-08-10,1653,Aqua,MODIS,79,6.03,304.9,83.1,D,0
-6.781,-55.6387,362,2.6,1.5,2019-08-10,1653,Aqua,MODIS,100,6.03,302.5,325.8,D,0
-6.7948,-55.637,339.5,2.6,1.5,2019-08-10,1653,Aqua,MODIS,89,6.03,299.5,136.6,D,0
-6.4747,-55.4916,337.1,2.5,1.5,2019-08-10,1653,Aqua,MODIS,88,6.03,302,106.9,D,0
-6.8273,-55.5632,326.4,2.5,1.5,2019-08-10,1653,Aqua,MODIS,79,6.03,304,63.2,D,0
-6.4719,-55.4695,362.6,2.5,1.5,2019-08-10,1653,Aqua,MODIS,100,6.03,303.9,311.6,D,0
-6.7716,-55.6237,321.9,2.5,1.5,2019-08-10,1653,Aqua,MODIS,68,6.03,301,42.9,D,0
-6.7746,-55.6463,318.7,2.6,1.5,2019-08-10,1653,Aqua,MODIS,43,6.03,299,33.3,D,0
-6.4883,-55.4898,319,2.5,1.5,2019-08-10,1653,Aqua,MODIS,22,6.03,302,26.7,D,0
-6.4855,-55.4676,342.6,2.5,1.5,2019-08-10,1653,Aqua,MODIS,91,6.03,303,145,D,0
-7.0199,-55.6427,317.9,2.6,1.5,2019-08-10,1653,Aqua,MODIS,69,6.03,299.9,33.7,D,0
-7.0538,-55.6857,325.9,2.6,1.6,2019-08-10,1653,Aqua,MODIS,79,6.03,300.1,65.8,D,0
-7.0507,-55.6623,334.2,2.6,1.5,2019-08-10,1653,Aqua,MODIS,86,6.03,301.5,107.3,D,0
-7.0586,-55.6799,333.8,2.6,1.6,2019-08-10,1653,Aqua,MODIS,86,6.03,301.9,108.9,D,0
-7.0557,-55.6566,325.6,2.6,1.5,2019-08-10,1653,Aqua,MODIS,79,6.03,301.5,64.7,D,0
-6.5485,-55.5265,316.6,2.5,1.5,2019-08-10,1653,Aqua,MODIS,56,6.03,301.5,26,D,0
-6.4785,-55.4737,377,2.5,1.5,2019-08-10,1653,Aqua,MODIS,100,6.03,306.3,492.6,D,0
-6.7631,-55.3899,319.4,2.4,1.5,2019-08-10,1653,Aqua,MODIS,46,6.03,301.1,29.1,D,0
-6.4815,-55.4957,325.9,2.5,1.5,2019-08-10,1653,Aqua,MODIS,79,6.03,302.5,54.5,D,0
-6.7915,-55.6671,341.5,2.6,1.5,2019-08-10,1653,Aqua,MODIS,91,6.03,299.2,147.6,D,0
-6.6617,-55.6896,319.5,2.6,1.5,2019-08-10,1653,Aqua,MODIS,49,6.03,301.5,38.7,D,0
-6.4755,-55.4517,323.7,2.4,1.5,2019-08-10,1653,Aqua,MODIS,77,6.03,301.7,47.6,D,0
-6.4722,-55.4712,303.6,1,1,2019-08-11,0218,Terra,MODIS,56,6.03,293.2,5.3,N,0
-6.7712,-55.6305,308.2,1,1,2019-08-11,0218,Terra,MODIS,74,6.03,293.7,7.2,N,0
-6.5953,-55.6869,305.5,1,1,2019-08-11,0218,Terra,MODIS,60,6.03,294.3,5.4,N,0
-6.9687,-55.4045,307.2,1,1,2019-08-11,0218,Terra,MODIS,71,6.03,296.3,6.6,N,0
-7.0698,-55.5961,324.3,1,1,2019-08-11,0218,Terra,MODIS,100,6.03,293.9,22,N,0
-7.0685,-55.5871,311,1,1,2019-08-11,0218,Terra,MODIS,81,6.03,293,9.8,N,0
-7.0519,-55.6632,309.7,1,1,2019-08-11,0218,Terra,MODIS,78,6.03,294.3,9,N,0
-6.6608,-55.6957,306.1,1,1,2019-08-11,0218,Terra,MODIS,65,6.03,294.4,5.8,N,0
-6.6172,-55.7757,305.3,1,1,2019-08-11,0218,Terra,MODIS,11,6.03,293.7,4.5,N,0
-6.6595,-55.6867,306.2,1,1,2019-08-11,0218,Terra,MODIS,64,6.03,294,5.9,N,0
-6.8612,-55.7461,304.2,1,1,2019-08-11,0218,Terra,MODIS,59,6.03,293.4,5.3,N,0
-6.607,-55.768,308.4,1,1,2019-08-11,0218,Terra,MODIS,32,6.03,294.4,6.4,N,0
-6.6083,-55.777,322.3,1,1,2019-08-11,0218,Terra,MODIS,100,6.03,295.3,18.3,N,0
-6.7815,-55.6382,322,1,1,2019-08-11,0218,Terra,MODIS,100,6.03,295.6,18.5,N,0
-6.8599,-55.7371,305.6,1,1,2019-08-11,0218,Terra,MODIS,65,6.03,293.5,6,N,0
-6.7828,-55.6472,331.1,1,1,2019-08-11,0218,Terra,MODIS,100,6.03,297.2,28.8,N,0
-6.7841,-55.6563,319.5,1,1,2019-08-11,0218,Terra,MODIS,99,6.03,296.5,16.2,N,0
-6.6044,-55.7664,304.7,1,1,2019-08-11,0518,Aqua,MODIS,61,6.03,293.1,5.7,N,0
-6.7772,-55.6535,307.7,1,1,2019-08-11,0518,Aqua,MODIS,72,6.03,294,8.1,N,0
-7.0631,-55.5893,308.3,1,1,2019-08-11,0518,Aqua,MODIS,74,6.03,291.7,9.3,N,0
-6.7799,-55.6349,312.3,1,1,2019-08-11,0518,Aqua,MODIS,85,6.03,293.4,11.1,N,0
-6.7785,-55.6442,316.6,1,1,2019-08-11,0518,Aqua,MODIS,94,6.03,294.1,14.9,N,0
-6.7721,-55.6244,302.8,1,1,2019-08-11,0518,Aqua,MODIS,51,6.03,292.1,5.2,N,0
-6.6031,-55.7756,305.5,1,1,2019-08-11,0518,Aqua,MODIS,65,6.03,293.2,6.3,N,0
-6.8577,-55.7365,302.7,1,1,2019-08-11,0518,Aqua,MODIS,51,6.03,292,5.2,N,0
-6.7837,-55.6343,314.3,3.4,1.7,2019-08-11,1443,Terra,MODIS,66,6.03,300.4,38.9,D,0
-6.735,-55.5963,369.3,1.4,1.2,2019-08-11,1736,Aqua,MODIS,100,6.03,302.7,165.8,D,0
-6.5956,-55.6803,322.7,1.4,1.2,2019-08-11,1736,Aqua,MODIS,63,6.03,299.7,18.2,D,0
-6.5974,-55.6926,323.1,1.4,1.2,2019-08-11,1736,Aqua,MODIS,59,6.03,296.4,18.6,D,0
-6.5242,-55.8947,400.5,1.3,1.1,2019-08-11,1736,Aqua,MODIS,0,6.03,304.9,375.4,D,0
-6.514,-55.8963,373,1.3,1.1,2019-08-11,1736,Aqua,MODIS,75,6.03,301.7,178.9,D,0
-6.6263,-55.7693,328.6,1.3,1.1,2019-08-11,1736,Aqua,MODIS,53,6.03,297.2,28.7,D,0
-6.6282,-55.7814,339.6,1.3,1.1,2019-08-11,1736,Aqua,MODIS,88,6.03,296.2,53.3,D,0
-6.8318,-55.5632,335.1,1.4,1.2,2019-08-11,1736,Aqua,MODIS,87,6.03,308.3,38.7,D,0
-6.8299,-55.5508,335.1,1.4,1.2,2019-08-11,1736,Aqua,MODIS,75,6.03,303.2,37.7,D,0
-6.7875,-55.6638,360.8,1.4,1.2,2019-08-11,1736,Aqua,MODIS,100,6.03,303,123,D,0
-6.7857,-55.6515,384.3,1.4,1.2,2019-08-11,1736,Aqua,MODIS,100,6.03,306,251,D,0
-6.7997,-55.6744,323.1,1.4,1.2,2019-08-11,1736,Aqua,MODIS,64,6.03,300,21.1,D,0
-6.7978,-55.6622,381.5,1.4,1.2,2019-08-11,1736,Aqua,MODIS,100,6.03,307.9,234.7,D,0
-6.796,-55.6497,346.7,1.4,1.2,2019-08-11,1736,Aqua,MODIS,94,6.03,301.4,68.6,D,0
-6.795,-55.6695,373.1,1.4,1.2,2019-08-11,1736,Aqua,MODIS,100,6.03,304.7,185.9,D,0
-6.7931,-55.6572,399.5,1.4,1.2,2019-08-11,1736,Aqua,MODIS,100,6.03,308.3,376.8,D,0
-6.8753,-55.5875,317.5,1.4,1.2,2019-08-11,1736,Aqua,MODIS,36,6.03,302.8,11.4,D,0
-6.6668,-55.6889,347.3,1.4,1.2,2019-08-11,1736,Aqua,MODIS,94,6.03,300.2,76,D,0
-6.6565,-55.6904,342.4,1.4,1.2,2019-08-11,1736,Aqua,MODIS,89,6.03,302.6,59.1,D,0
-6.5992,-55.7048,329.5,1.4,1.2,2019-08-11,1736,Aqua,MODIS,79,6.03,297.2,31,D,0
-6.6114,-55.7153,328.9,1.4,1.2,2019-08-11,1736,Aqua,MODIS,39,6.03,299.5,27.5,D,0
-6.6078,-55.6909,328.9,1.4,1.2,2019-08-11,1736,Aqua,MODIS,26,6.03,298.9,25,D,0
-7.0223,-55.7451,321.9,1.3,1.1,2019-08-11,1736,Aqua,MODIS,30,6.03,296.6,17.3,D,0
-7.0362,-55.7673,364.9,1.3,1.1,2019-08-11,1736,Aqua,MODIS,100,6.03,299.4,136,D,0
-7.0343,-55.7553,332.4,1.3,1.1,2019-08-11,1736,Aqua,MODIS,55,6.03,295.8,33.3,D,0
-7.0701,-55.6571,339.1,1.3,1.1,2019-08-11,1736,Aqua,MODIS,89,6.03,298.4,53.8,D,0
-7.0592,-55.6409,318.6,1.3,1.2,2019-08-11,1736,Aqua,MODIS,25,6.03,292.2,14.3,D,0
-7.061,-55.653,376.8,1.3,1.1,2019-08-11,1736,Aqua,MODIS,100,6.03,300,205.8,D,0
-7.0628,-55.6651,338,1.3,1.1,2019-08-11,1736,Aqua,MODIS,89,6.03,298,49.2,D,0
-7.0507,-55.6546,321.3,1.3,1.1,2019-08-11,1736,Aqua,MODIS,57,6.03,295.2,17.7,D,0
-7.0525,-55.6667,328.5,1.3,1.1,2019-08-11,1736,Aqua,MODIS,82,6.03,299.1,29.9,D,0
-6.6132,-55.6844,323.9,1.4,1.2,2019-08-11,1736,Aqua,MODIS,47,6.03,298,17,D,0
-6.6528,-55.6659,324.9,1.4,1.2,2019-08-11,1736,Aqua,MODIS,35,6.03,302.6,21.4,D,0
-6.4858,-55.9851,328.7,1.3,1.1,2019-08-11,1736,Aqua,MODIS,83,6.03,298.2,30.8,D,0
-6.4876,-55.9968,318.1,1.3,1.1,2019-08-11,1736,Aqua,MODIS,69,6.03,295.3,13.9,D,0
-6.7454,-55.5947,332.8,1.4,1.2,2019-08-11,1736,Aqua,MODIS,85,6.03,297,36.8,D,0
-6.7331,-55.584,376,1.4,1.2,2019-08-11,1736,Aqua,MODIS,87,6.03,299,204.2,D,0
-6.7369,-55.6087,360.7,1.4,1.2,2019-08-11,1736,Aqua,MODIS,100,6.03,301,124.5,D,0
-6.7387,-55.6209,335.6,1.4,1.2,2019-08-11,1736,Aqua,MODIS,87,6.03,293.8,44.9,D,0
-6.7227,-55.5857,323.8,1.4,1.2,2019-08-11,1736,Aqua,MODIS,52,6.03,295.5,19.9,D,0
-7.0711,-55.5951,314,1.4,1.2,2019-08-11,1736,Aqua,MODIS,36,6.03,296,8.9,D,0
-6.9448,-55.6269,310.8,1.4,1.2,2019-08-11,1736,Aqua,MODIS,32,6.03,294.3,6.2,D,0
-6.7246,-55.5979,361.3,1.4,1.2,2019-08-11,1736,Aqua,MODIS,100,6.03,296.5,129.1,D,0
-6.7265,-55.6103,387,1.4,1.2,2019-08-11,1736,Aqua,MODIS,100,6.03,299.6,277.1,D,0
-6.7284,-55.6226,393.7,1.4,1.2,2019-08-11,1736,Aqua,MODIS,100,6.03,297.4,333.1,D,0
-7.0301,-55.8648,319.9,1.3,1.1,2019-08-11,1736,Aqua,MODIS,72,6.03,299,17.2,D,0
-6.7735,-55.6407,323.8,1.4,1.2,2019-08-11,1736,Aqua,MODIS,55,6.03,299.9,19.3,D,0
-6.7717,-55.6284,348.3,1.4,1.2,2019-08-11,1736,Aqua,MODIS,94,6.03,303.2,77.8,D,0
-6.7839,-55.6391,366.6,1.4,1.2,2019-08-11,1736,Aqua,MODIS,100,6.03,306.8,147.8,D,0
-6.782,-55.6268,339.3,1.4,1.2,2019-08-11,1736,Aqua,MODIS,88,6.03,307.2,50.6,D,0
-6.7912,-55.6448,352.5,1.4,1.2,2019-08-11,1736,Aqua,MODIS,96,6.03,304.8,91.9,D,0
-6.7874,-55.6203,327.7,1.4,1.2,2019-08-11,1736,Aqua,MODIS,81,6.03,303.7,28.3,D,0
-7.0325,-55.5326,316.7,1.4,1.2,2019-08-11,1736,Aqua,MODIS,24,6.03,296.7,11.3,D,0
-7.0221,-55.5342,323.4,1.4,1.2,2019-08-11,1736,Aqua,MODIS,76,6.03,296.2,22.7,D,0
-6.7819,-55.6568,325.2,1.8,1.3,2019-08-12,1348,Terra,MODIS,26,6.03,304.6,33.7,D,0
-6.7798,-55.6465,323,1.8,1.3,2019-08-12,1348,Terra,MODIS,46,6.03,305.1,29.7,D,0
-6.6624,-55.6808,311.9,1.8,1.3,2019-08-12,1348,Terra,MODIS,31,6.03,301.4,11.4,D,0
-6.7773,-55.662,328.9,1.8,1.3,2019-08-12,1348,Terra,MODIS,70,6.03,304.4,46.1,D,0
-7.0464,-55.6525,319.6,1.8,1.3,2019-08-12,1348,Terra,MODIS,47,6.03,302.9,22.3,D,0
-7.0341,-55.7942,321.9,4.6,2,2019-08-12,1640,Aqua,MODIS,74,6.03,300.5,117.7,D,0
-7.0543,-55.6587,320.3,4.5,2,2019-08-12,1640,Aqua,MODIS,58,6.03,300.7,93.2,D,0
-7.0714,-55.6646,340.1,4.5,2,2019-08-12,1640,Aqua,MODIS,90,6.03,301.3,325.8,D,0
-7.0597,-55.415,319.1,4.3,1.9,2019-08-12,1640,Aqua,MODIS,66,6.03,303.2,69.9,D,0
-7.0538,-55.6668,320.2,4.5,2,2019-08-12,1640,Aqua,MODIS,61,6.03,301.1,94.5,D,0
-7.0338,-55.7859,325.6,4.6,2,2019-08-12,1640,Aqua,MODIS,62,6.03,300.8,138.3,D,0
-7.0289,-55.7529,321.2,4.6,2,2019-08-12,1640,Aqua,MODIS,59,6.03,300.8,103.6,D,0
-7.0524,-55.3839,323.1,4.3,1.9,2019-08-12,1640,Aqua,MODIS,68,6.03,301.4,94.5,D,0
-7.0719,-55.6565,333.3,4.5,2,2019-08-12,1640,Aqua,MODIS,85,6.03,300.7,232.1,D,0
-6.6258,-55.7026,315.6,4.5,2,2019-08-12,1641,Aqua,MODIS,37,6.03,300,54.5,D,0
-6.4474,-55.4098,315.1,4.3,1.9,2019-08-12,1641,Aqua,MODIS,43,6.03,301,41.5,D,0
-6.6082,-55.7091,316.8,4.5,2,2019-08-12,1641,Aqua,MODIS,50,6.03,300.7,68.2,D,0
-6.6257,-55.707,314.9,4.5,2,2019-08-12,1641,Aqua,MODIS,32,6.03,299.8,50.8,D,0
-6.6082,-55.7047,317.3,4.5,2,2019-08-12,1641,Aqua,MODIS,58,6.03,300.8,72.7,D,0
-6.7507,-55.3946,323.4,4.3,1.9,2019-08-12,1641,Aqua,MODIS,73,6.03,299.2,98.6,D,0
-6.7845,-55.6699,322.2,4.5,2,2019-08-12,1641,Aqua,MODIS,63,6.03,298,114,D,0
-6.7843,-55.6741,320.9,4.5,2,2019-08-12,1641,Aqua,MODIS,55,6.03,297.8,103,D,0
-6.7335,-55.3966,325.6,4.3,1.9,2019-08-12,1641,Aqua,MODIS,78,6.03,300.6,113.7,D,0
-6.7487,-55.399,324.1,4.3,1.9,2019-08-12,1641,Aqua,MODIS,71,6.03,299.3,102.4,D,0
-6.7315,-55.4009,318.5,4.3,1.9,2019-08-12,1641,Aqua,MODIS,31,6.03,300.5,55.6,D,0
-7.0705,-55.6516,305.7,1.2,1.1,2019-08-13,0206,Terra,MODIS,62,6.03,293.6,7.6,N,0
-6.9626,-55.3903,306.3,1.2,1.1,2019-08-13,0206,Terra,MODIS,67,6.03,295.1,7.7,N,0
-6.9641,-55.4007,314.9,1.2,1.1,2019-08-13,0206,Terra,MODIS,90,6.03,296.6,15.5,N,0
-6.7236,-55.582,306.1,1.2,1.1,2019-08-13,0206,Terra,MODIS,67,6.03,294.3,7.6,N,0
-6.7744,-55.6454,312.9,1.2,1.1,2019-08-13,0206,Terra,MODIS,86,6.03,295,13,N,0
-6.7772,-55.6667,306.6,1.2,1.1,2019-08-13,0206,Terra,MODIS,52,6.03,296.3,7.4,N,0
-7,-55.7342,308.6,1.2,1.1,2019-08-13,0206,Terra,MODIS,70,6.03,294.1,9.7,N,0
-7.072,-55.6624,303.8,1.2,1.1,2019-08-13,0206,Terra,MODIS,47,6.03,293.1,6.1,N,0
-6.5988,-55.7041,309.5,1.2,1.1,2019-08-13,0206,Terra,MODIS,78,6.03,294.8,9.9,N,0
-6.7758,-55.656,306.8,1.2,1.1,2019-08-13,0206,Terra,MODIS,43,6.03,295.5,7.3,N,0
-6.7754,-55.642,305.9,1.1,1.1,2019-08-13,0506,Aqua,MODIS,33,6.03,293.9,7,N,0
-6.9634,-55.3938,306.4,1.1,1,2019-08-13,0506,Aqua,MODIS,68,6.03,295.9,7.7,N,0
-6.8461,-55.7205,320.4,1.9,1.3,2019-08-13,1431,Terra,MODIS,74,6.03,307.2,29.6,D,0
-6.5157,-55.5473,316.7,1.9,1.4,2019-08-13,1431,Terra,MODIS,62,6.03,303.4,16,D,0
-6.7401,-55.607,323.4,1.9,1.4,2019-08-13,1431,Terra,MODIS,65,6.03,306.1,31.2,D,0
-6.8534,-55.7158,315.9,1.9,1.3,2019-08-13,1431,Terra,MODIS,26,6.03,303.5,17.8,D,0
-7.005,-55.7656,331.7,1.9,1.3,2019-08-13,1431,Terra,MODIS,77,6.03,300.9,56.4,D,0
-6.7425,-55.5896,327.4,1.9,1.4,2019-08-13,1431,Terra,MODIS,66,6.03,302.8,41.7,D,0
-7.0619,-55.6565,321.6,1.9,1.4,2019-08-13,1431,Terra,MODIS,66,6.03,305.8,31.3,D,0
-7.0741,-55.6581,318.1,1.9,1.4,2019-08-13,1431,Terra,MODIS,40,6.03,302.3,22.4,D,0
-6.778,-55.6362,318.4,1.9,1.4,2019-08-13,1431,Terra,MODIS,69,6.03,304.8,23.9,D,0
-7.0097,-55.7719,340.7,1.9,1.3,2019-08-13,1431,Terra,MODIS,90,6.03,302.3,87.5,D,0
-6.7757,-55.6536,317.1,1.9,1.4,2019-08-13,1431,Terra,MODIS,51,6.03,303.6,20.4,D,0
-6.5118,-55.5409,320.9,1.9,1.4,2019-08-13,1431,Terra,MODIS,70,6.03,303.8,25.1,D,0
-6.8511,-55.7327,320.1,1.9,1.3,2019-08-13,1431,Terra,MODIS,56,6.03,307,26.8,D,0
-6.5244,-55.5209,325.2,1,1,2019-08-13,1723,Aqua,MODIS,76,6.03,307.2,12,D,0
-6.6881,-55.8261,334.5,1,1,2019-08-13,1723,Aqua,MODIS,40,6.03,306.8,20.1,D,0
-6.9003,-55.3889,323.3,1,1,2019-08-13,1723,Aqua,MODIS,53,6.03,309,9,D,0
-6.6894,-55.8351,346.5,1,1,2019-08-13,1723,Aqua,MODIS,89,6.03,308,39.7,D,0
-6.6792,-55.8341,344.7,1,1,2019-08-13,1723,Aqua,MODIS,90,6.03,306.3,42.7,D,0
-6.7249,-55.5718,347.8,1,1,2019-08-13,1723,Aqua,MODIS,0,6.03,307.1,45.1,D,0
-6.6549,-55.4057,323.8,1,1,2019-08-13,1723,Aqua,MODIS,72,6.03,305.3,12.7,D,0
-6.6563,-55.4148,318.5,1,1,2019-08-13,1723,Aqua,MODIS,48,6.03,303.2,7.7,D,0
-6.9193,-55.9636,316.8,1,1,2019-08-13,1723,Aqua,MODIS,57,6.03,301.5,7.3,D,0
-6.6045,-55.6977,336.7,1,1,2019-08-13,1723,Aqua,MODIS,84,6.03,307.4,26.1,D,0
-6.6032,-55.6887,334.7,1,1,2019-08-13,1723,Aqua,MODIS,71,6.03,308.7,20.9,D,0
-6.6135,-55.6964,345.8,1,1,2019-08-13,1723,Aqua,MODIS,92,6.03,309.4,40.6,D,0
-6.6122,-55.6873,349.7,1,1,2019-08-13,1723,Aqua,MODIS,95,6.03,311.2,47.2,D,0
-6.6459,-55.4071,333.7,1,1,2019-08-13,1723,Aqua,MODIS,84,6.03,303.3,24.6,D,0
-6.6329,-55.381,329.2,1,1,2019-08-13,1723,Aqua,MODIS,79,6.03,303.7,17.5,D,0
-6.8829,-55.5825,337,1,1,2019-08-13,1723,Aqua,MODIS,87,6.03,305.4,28.6,D,0
-6.5231,-55.5118,345.4,1,1,2019-08-13,1723,Aqua,MODIS,92,6.03,308.4,43.3,D,0
-6.7803,-55.6412,342.2,1,1,2019-08-13,1723,Aqua,MODIS,90,6.03,306.7,36,D,0
-6.5161,-55.9094,328.3,1,1,2019-08-13,1723,Aqua,MODIS,67,6.03,304.6,17.3,D,0
-7.068,-55.6539,331.4,1,1,2019-08-13,1723,Aqua,MODIS,49,6.03,310.2,18,D,0
-6.9963,-55.7355,326.7,1,1,2019-08-13,1723,Aqua,MODIS,42,6.03,305.6,14,D,0
-6.909,-55.9559,326.5,1,1,2019-08-13,1723,Aqua,MODIS,77,6.03,301.8,15.6,D,0
-6.9103,-55.9649,344.1,1,1,2019-08-13,1723,Aqua,MODIS,92,6.03,302.2,42.2,D,0
-6.4428,-55.4027,335,1,1,2019-08-13,1723,Aqua,MODIS,85,6.03,310.8,24.2,D,0
-7.0318,-55.5299,329.9,1,1,2019-08-13,1723,Aqua,MODIS,75,6.03,307.8,19.6,D,0
-6.5148,-55.9004,344.6,1,1,2019-08-13,1723,Aqua,MODIS,82,6.03,306.1,41.6,D,0
-6.7455,-55.5909,339.1,1,1,2019-08-13,1723,Aqua,MODIS,80,6.03,306.8,28.7,D,0
-6.8906,-55.5721,368.5,1,1,2019-08-13,1723,Aqua,MODIS,100,6.03,307.2,101.2,D,0
-6.8816,-55.5734,333.2,1,1,2019-08-13,1723,Aqua,MODIS,76,6.03,305,22.7,D,0
-6.7468,-55.5999,341.7,1,1,2019-08-13,1723,Aqua,MODIS,87,6.03,312,33.3,D,0
-6.7352,-55.5795,378.1,1,1,2019-08-13,1723,Aqua,MODIS,94,6.03,314.1,132.8,D,0
-6.7262,-55.5808,368.7,1,1,2019-08-13,1723,Aqua,MODIS,94,6.03,310.2,100,D,0
-6.4415,-55.3936,348.6,1,1,2019-08-13,1723,Aqua,MODIS,94,6.03,315.2,49.3,D,0
-6.4318,-55.3923,325.3,1,1,2019-08-13,1723,Aqua,MODIS,70,6.03,310.9,12.1,D,0
-6.7817,-55.6502,347.7,1,1,2019-08-13,1723,Aqua,MODIS,93,6.03,309.6,46,D,0
-6.7727,-55.6515,363.5,1,1,2019-08-13,1723,Aqua,MODIS,100,6.03,305.1,84,D,0
-6.9191,-55.7064,318,1,1,2019-08-13,1723,Aqua,MODIS,51,6.03,301.2,7.3,D,0
-6.6072,-55.7802,323.5,1,1,2019-08-13,1723,Aqua,MODIS,46,6.03,305.4,12,D,0
-6.8919,-55.5812,387.5,1,1,2019-08-13,1723,Aqua,MODIS,100,6.03,313.1,177.3,D,0
-6.7346,-55.5882,300.1,3,1.7,2019-08-14,0249,Terra,MODIS,14,6.03,288.4,18.4,N,0
-6.7728,-55.6377,301,3,1.7,2019-08-14,0249,Terra,MODIS,12,6.03,289.2,18.1,N,0
-6.7338,-55.5817,302.3,3,1.7,2019-08-14,0249,Terra,MODIS,48,6.03,288.5,24.1,N,0
-6.7771,-55.6654,300.7,3,1.6,2019-08-14,0249,Terra,MODIS,18,6.03,290.6,17.9,N,0
-6.7769,-55.6588,303.1,3,1.6,2019-08-14,0249,Terra,MODIS,53,6.03,290.5,25.6,N,0
-6.7112,-55.391,325,3,1.6,2019-08-14,1336,Terra,MODIS,80,6.03,299.8,67.4,D,0
-6.8147,-55.5547,319.8,1.9,1.4,2019-08-15,0153,Terra,MODIS,99,6.03,292.9,44.9,N,0
-6.7427,-55.6061,302.3,1.9,1.4,2019-08-15,0153,Terra,MODIS,48,6.03,291.8,9.5,N,0
-6.8185,-55.5485,325.7,1.9,1.4,2019-08-15,0153,Terra,MODIS,100,6.03,293.8,60.5,N,0
-6.745,-55.6235,305.6,2,1.4,2019-08-15,0153,Terra,MODIS,65,6.03,292.3,14.8,N,0
-6.7484,-55.6167,315.5,2,1.4,2019-08-15,0153,Terra,MODIS,91,6.03,292.7,33.9,N,0
-6.6951,-55.4376,312,1.9,1.3,2019-08-15,0153,Terra,MODIS,84,6.03,292.5,26.9,N,0
-6.8124,-55.5375,303.9,1.9,1.4,2019-08-15,0153,Terra,MODIS,58,6.03,292.7,13,N,0
-6.8091,-55.5405,302.1,1.7,1.3,2019-08-15,0453,Aqua,MODIS,47,6.03,291.6,10.7,N,0
-6.8163,-55.5484,310.5,1.7,1.3,2019-08-15,0453,Aqua,MODIS,80,6.03,291.8,22.3,N,0
-6.9441,-55.403,306.7,1.7,1.3,2019-08-15,0453,Aqua,MODIS,69,6.03,290.7,15.7,N,0
-6.839,-55.4776,324,1.2,1.1,2019-08-15,1418,Terra,MODIS,71,6.03,299.8,15.9,D,0
-6.9405,-55.4096,326.6,1.2,1.1,2019-08-15,1418,Terra,MODIS,61,6.03,299.1,18.6,D,0
-6.8965,-55.5798,320.1,1.2,1.1,2019-08-15,1418,Terra,MODIS,55,6.03,300.3,13.2,D,0
-6.8868,-55.5785,319.2,1.2,1.1,2019-08-15,1418,Terra,MODIS,26,6.03,301.8,11.9,D,0
-6.9488,-55.4219,333.7,1.2,1.1,2019-08-15,1418,Terra,MODIS,86,6.03,300.2,30.3,D,0
-6.8406,-55.4668,327.9,1.2,1.1,2019-08-15,1418,Terra,MODIS,82,6.03,299.4,21,D,0
-6.8305,-55.6076,315.6,1.2,1.1,2019-08-15,1418,Terra,MODIS,50,6.03,301.1,9.3,D,0
-6.8089,-55.5502,324.6,1.2,1.1,2019-08-15,1418,Terra,MODIS,23,6.03,300,15.6,D,0
-6.8186,-55.5516,369.7,1.2,1.1,2019-08-15,1418,Terra,MODIS,100,6.03,303.2,136.6,D,0
-6.7789,-55.6221,316.1,1.2,1.1,2019-08-15,1418,Terra,MODIS,35,6.03,301.4,10,D,0
-6.5342,-55.472,316.8,1.2,1.1,2019-08-15,1418,Terra,MODIS,68,6.03,301.3,11.7,D,0
-6.5365,-55.5268,317.9,1.2,1.1,2019-08-15,1418,Terra,MODIS,27,6.03,299.8,8.6,D,0
-6.4728,-55.4679,317.6,1.2,1.1,2019-08-15,1418,Terra,MODIS,42,6.03,301.6,10.2,D,0
-6.5462,-55.5283,326.5,1.2,1.1,2019-08-15,1418,Terra,MODIS,80,6.03,299.2,21,D,0
-6.6431,-55.4931,328.3,1.2,1.1,2019-08-15,1418,Terra,MODIS,82,6.03,301.3,22.5,D,0
-6.9504,-55.411,334.2,1.2,1.1,2019-08-15,1418,Terra,MODIS,83,6.03,301,32,D,0
-6.7037,-55.4312,329.6,1.2,1.1,2019-08-15,1418,Terra,MODIS,81,6.03,299.3,21.6,D,0
-6.7022,-55.442,338.1,1.2,1.1,2019-08-15,1418,Terra,MODIS,89,6.03,299,37.4,D,0
-6.7715,-55.6751,315.8,1.2,1.1,2019-08-15,1418,Terra,MODIS,61,6.03,298.7,9.9,D,0
-6.7012,-55.4353,347,1.2,1.1,2019-08-15,1418,Terra,MODIS,94,6.03,299.6,59.7,D,0
-6.6996,-55.4461,323.7,1.2,1.1,2019-08-15,1418,Terra,MODIS,73,6.03,298.6,14,D,0
-6.8201,-55.5408,326.9,1.2,1.1,2019-08-15,1418,Terra,MODIS,30,6.03,300.1,19.3,D,0
-6.9172,-55.7125,314.5,1.2,1.1,2019-08-15,1418,Terra,MODIS,52,6.03,300.6,8.8,D,0
-6.7478,-55.6119,353.8,1.2,1.1,2019-08-15,1418,Terra,MODIS,97,6.03,301.9,76.3,D,0
-6.7493,-55.6014,329.6,1.2,1.1,2019-08-15,1418,Terra,MODIS,49,6.03,300.6,22,D,0
-7.0356,-55.8269,318.9,1.2,1.1,2019-08-15,1418,Terra,MODIS,38,6.03,303.8,12,D,0
-6.9535,-55.3892,322.2,1.2,1.1,2019-08-15,1418,Terra,MODIS,44,6.03,304.3,15.2,D,0
-6.7024,-55.4272,331.7,1.2,1.1,2019-08-15,1711,Aqua,MODIS,64,6.03,295,27.5,D,0
-6.8408,-55.4758,375,1.2,1.1,2019-08-15,1711,Aqua,MODIS,75,6.03,300.1,152.2,D,0
-6.7053,-55.448,349.9,1.2,1.1,2019-08-15,1711,Aqua,MODIS,95,6.03,299.8,66,D,0
-6.6942,-55.439,366.2,1.2,1.1,2019-08-15,1711,Aqua,MODIS,100,6.03,299.3,119.6,D,0
-6.5422,-55.5256,323.7,1.2,1.1,2019-08-15,1711,Aqua,MODIS,73,6.03,299.1,18.8,D,0
-6.7038,-55.4376,387.9,1.2,1.1,2019-08-15,1711,Aqua,MODIS,100,6.03,304.8,222.5,D,0
-6.4829,-55.6145,350.4,1.2,1.1,2019-08-15,1711,Aqua,MODIS,95,6.03,299.7,73.6,D,0
-6.712,-55.4258,331.5,1.2,1.1,2019-08-15,1711,Aqua,MODIS,63,6.03,301.5,28,D,0
-6.8422,-55.4862,401.1,1.2,1.1,2019-08-15,1711,Aqua,MODIS,100,6.03,306.2,311.5,D,0
-6.943,-55.4131,331.6,1.2,1.1,2019-08-15,1711,Aqua,MODIS,82,6.03,299.5,24.3,D,0
-6.9976,-55.4951,369.9,1.2,1.1,2019-08-15,1711,Aqua,MODIS,87,6.03,298,137.5,D,0
-6.4449,-55.9332,343.1,1.2,1.1,2019-08-15,1711,Aqua,MODIS,0,6.03,286.5,56.5,D,0
-6.9445,-55.4235,330.1,1.2,1.1,2019-08-15,1711,Aqua,MODIS,80,6.03,300.1,21.3,D,0
-6.4464,-55.9441,320.8,1.2,1.1,2019-08-15,1711,Aqua,MODIS,42,6.03,287.4,16.5,D,0
-6.7134,-55.4362,353.6,1.2,1.1,2019-08-15,1711,Aqua,MODIS,97,6.03,302.9,75.4,D,0
-6.8111,-55.5486,300.7,1.8,1.3,2019-08-16,0236,Terra,MODIS,32,6.03,290.4,7.2,N,0
-6.4894,-55.5985,313.7,3.1,1.7,2019-08-16,1754,Aqua,MODIS,50,6.03,292.9,27.6,D,0
-6.8318,-55.5527,319.5,3.1,1.7,2019-08-16,1754,Aqua,MODIS,27,6.03,297.6,46.4,D,0
-6.4929,-55.4479,323.9,3.2,1.7,2019-08-16,1754,Aqua,MODIS,78,6.03,292.5,76.6,D,0
-6.4408,-55.5851,311.8,3.1,1.7,2019-08-16,1754,Aqua,MODIS,43,6.03,293.5,22.7,D,0
-6.4602,-55.6105,334.2,3.1,1.7,2019-08-16,1754,Aqua,MODIS,87,6.03,294.2,145.2,D,0
-6.4558,-55.5825,325.1,3.1,1.7,2019-08-16,1754,Aqua,MODIS,80,6.03,295.2,84.6,D,0
-6.4594,-55.6031,342.9,3.1,1.7,2019-08-16,1754,Aqua,MODIS,92,6.03,294.8,213.9,D,0
-6.4849,-55.5705,313.9,3.1,1.7,2019-08-16,1754,Aqua,MODIS,24,6.03,295,28.4,D,0
-7.0068,-55.8642,383,1,1,2019-08-17,1406,Terra,MODIS,100,6.03,302.2,163.7,D,0
-6.8796,-55.4823,321.7,1,1,2019-08-17,1406,Terra,MODIS,74,6.03,301.5,9.4,D,0
-6.8809,-55.4733,329.7,1,1,2019-08-17,1406,Terra,MODIS,83,6.03,303,18.3,D,0
-7.0082,-55.8551,366.7,1,1,2019-08-17,1406,Terra,MODIS,100,6.03,301.4,101.9,D,0
-6.4486,-55.5911,328.6,1,1,2019-08-17,1406,Terra,MODIS,82,6.03,306.2,18.2,D,0
-6.4804,-55.4392,321.6,1,1,2019-08-17,1406,Terra,MODIS,68,6.03,302,11.1,D,0
-6.657,-55.8626,311.6,1,1,2019-08-17,1406,Terra,MODIS,51,6.03,296,5.6,D,0
-6.479,-55.4482,324,1,1,2019-08-17,1406,Terra,MODIS,74,6.03,304.1,13.5,D,0
-6.6583,-55.8534,323.3,1,1,2019-08-17,1406,Terra,MODIS,76,6.03,297.8,15.9,D,0
-6.459,-55.9373,340.8,2,1.4,2019-08-17,1659,Aqua,MODIS,91,6.03,297.9,107.2,D,0
-6.4541,-55.9264,334.8,2,1.4,2019-08-17,1659,Aqua,MODIS,87,6.03,296.2,77.7,D,0
-7.0479,-55.6771,322.7,2,1.4,2019-08-17,1659,Aqua,MODIS,44,6.03,303.8,30.1,D,0
-6.9999,-55.884,331.5,2,1.4,2019-08-17,1659,Aqua,MODIS,78,6.03,297.5,66.8,D,0
-6.8795,-55.4777,320.3,1.9,1.3,2019-08-17,1659,Aqua,MODIS,65,6.03,301.7,19.6,D,0
-7.0075,-55.8455,324.2,2,1.4,2019-08-17,1659,Aqua,MODIS,62,6.03,297.8,41.3,D,0
-7.01,-55.8642,369.6,2,1.4,2019-08-17,1659,Aqua,MODIS,100,6.03,301.3,307.1,D,0
-7.0124,-55.8827,323.8,2,1.4,2019-08-17,1659,Aqua,MODIS,70,6.03,296.7,42.7,D,0
-6.9974,-55.8654,326.8,2,1.4,2019-08-17,1659,Aqua,MODIS,48,6.03,297.9,49.1,D,0
-6.9953,-55.8726,327.9,2,1.4,2019-08-17,1659,Aqua,MODIS,67,6.03,298.2,53.4,D,0
-6.4567,-55.9193,325,2,1.4,2019-08-17,1659,Aqua,MODIS,79,6.03,296.4,46.6,D,0
-6.4515,-55.5989,320.8,1.9,1.3,2019-08-17,1659,Aqua,MODIS,68,6.03,297.5,30.8,D,0
-6.4789,-55.4414,323.2,1.8,1.3,2019-08-17,1659,Aqua,MODIS,73,6.03,298.1,31.9,D,0
-6.8098,-55.5442,323.6,1.9,1.3,2019-08-17,1659,Aqua,MODIS,65,6.03,301.4,32.8,D,0
-6.7262,-55.4246,321.3,1.9,1.3,2019-08-17,1659,Aqua,MODIS,41,6.03,302.5,23.5,D,0
-6.7256,-55.5104,328,1.9,1.3,2019-08-17,1659,Aqua,MODIS,77,6.03,300.6,45,D,0
-6.4566,-55.9444,325,2,1.4,2019-08-17,1659,Aqua,MODIS,80,6.03,296.4,42.7,D,0
-6.65,-55.401,324.7,1.8,1.3,2019-08-17,1659,Aqua,MODIS,41,6.03,302.5,34.3,D,0
-6.6082,-55.7777,314.1,2,1.4,2019-08-17,1659,Aqua,MODIS,58,6.03,298.2,18.1,D,0
-7.0356,-55.6788,327,2,1.4,2019-08-17,1659,Aqua,MODIS,42,6.03,306.1,42.1,D,0
-6.8422,-55.38,318.1,1.9,1.3,2019-08-17,1659,Aqua,MODIS,58,6.03,300.9,19.5,D,0
-7.0333,-55.6612,326.7,2,1.4,2019-08-17,1659,Aqua,MODIS,48,6.03,304.8,40.6,D,0
-7.0382,-55.6735,337.5,2,1.4,2019-08-17,1659,Aqua,MODIS,89,6.03,306.6,81.9,D,0
-7.0605,-55.6523,328.7,2,1.4,2019-08-17,1659,Aqua,MODIS,74,6.03,304.3,48.5,D,0
-6.9175,-55.5769,327,1.9,1.4,2019-08-17,1659,Aqua,MODIS,80,6.03,303.3,44.1,D,0
-6.9053,-55.5784,321.1,1.9,1.4,2019-08-17,1659,Aqua,MODIS,70,6.03,302.8,29.3,D,0
-6.8711,-55.6006,316.3,1.9,1.4,2019-08-17,1659,Aqua,MODIS,43,6.03,300.1,18.5,D,0
-6.919,-55.5673,321.4,1.1,1.1,2019-08-18,0224,Terra,MODIS,100,6.03,292.8,21.6,N,0
-6.9205,-55.5773,322.6,1.1,1.1,2019-08-18,0224,Terra,MODIS,100,6.03,293.5,22.9,N,0
-7.0044,-55.8508,311.5,1.1,1,2019-08-18,0224,Terra,MODIS,83,6.03,295.8,10.2,N,0
-6.4354,-55.5374,308.2,1.1,1.1,2019-08-18,0224,Terra,MODIS,74,6.03,293.9,9.6,N,0
-6.9248,-55.5708,319.6,1.1,1.1,2019-08-18,0224,Terra,MODIS,99,6.03,292.8,19.9,N,0
-7.0175,-55.6785,311.9,1.1,1,2019-08-18,0224,Terra,MODIS,84,6.03,293,12.2,N,0
-6.9263,-55.5807,306.1,1.1,1.1,2019-08-18,0224,Terra,MODIS,67,6.03,292.7,7.7,N,0
-6.4637,-55.9285,307.2,1.1,1,2019-08-18,0224,Terra,MODIS,71,6.03,294.2,7.3,N,0
-6.4543,-55.9299,319,1.1,1,2019-08-18,0224,Terra,MODIS,98,6.03,295.2,17.6,N,0
-6.4558,-55.9396,306.3,1.1,1,2019-08-18,0224,Terra,MODIS,53,6.03,294.3,6.4,N,0
-6.4515,-55.9308,307.6,1.1,1.1,2019-08-18,0524,Aqua,MODIS,72,6.03,293.5,9.3,N,0
-6.919,-55.5716,305.7,1.2,1.1,2019-08-18,0524,Aqua,MODIS,65,6.03,292,9,N,0
-6.7383,-55.6035,313,4.5,1.9,2019-08-18,1449,Terra,MODIS,31,6.03,297.3,51.5,D,0
-6.4261,-55.5066,322.4,4.5,2,2019-08-18,1449,Terra,MODIS,78,6.03,293.6,118.4,D,0
-6.5144,-55.5232,314.1,4.5,2,2019-08-18,1449,Terra,MODIS,63,6.03,296.2,57.3,D,0
-6.5135,-55.5178,316.9,4.5,2,2019-08-18,1449,Terra,MODIS,67,6.03,296.1,74.9,D,0
-6.739,-55.6107,312.3,4.5,1.9,2019-08-18,1449,Terra,MODIS,27,6.03,297.1,48.9,D,0
-6.4257,-55.4994,317.8,4.5,2,2019-08-18,1449,Terra,MODIS,59,6.03,293.7,73.7,D,0
-6.4569,-55.5875,318.5,1.8,1.3,2019-08-18,1742,Aqua,MODIS,70,6.03,299,21.5,D,0
-7.0528,-55.4326,325.6,1.8,1.3,2019-08-18,1742,Aqua,MODIS,56,6.03,301.8,28.7,D,0
-6.4594,-55.6036,337.6,1.8,1.3,2019-08-18,1742,Aqua,MODIS,88,6.03,299.4,76.4,D,0
-6.4476,-55.6053,340.9,1.8,1.3,2019-08-18,1742,Aqua,MODIS,90,6.03,299.9,89.5,D,0
-6.4501,-55.6212,359.1,1.8,1.3,2019-08-18,1742,Aqua,MODIS,94,6.03,298.3,179.7,D,0
-6.5036,-55.5236,326.6,1.8,1.3,2019-08-18,1742,Aqua,MODIS,80,6.03,296.6,40,D,0
-6.5011,-55.5074,320.9,1.8,1.3,2019-08-18,1742,Aqua,MODIS,73,6.03,295.6,26.6,D,0
-6.4986,-55.4911,311.7,1.8,1.3,2019-08-18,1742,Aqua,MODIS,24,6.03,296,9.3,D,0
-6.4234,-55.5266,340.5,1.8,1.3,2019-08-18,1742,Aqua,MODIS,90,6.03,296.2,91.7,D,0
-6.9026,-55.5828,322.6,1.4,1.2,2019-08-19,1354,Terra,MODIS,40,6.03,305.1,18.2,D,0
-6.4603,-55.9272,313.1,1.5,1.2,2019-08-19,1354,Terra,MODIS,55,6.03,301.2,9.3,D,0
-6.6758,-55.4492,353.3,1.3,1.1,2019-08-19,1354,Terra,MODIS,97,6.03,305.8,90.9,D,0
-6.6739,-55.4612,353.2,1.3,1.1,2019-08-19,1354,Terra,MODIS,97,6.03,302.6,91,D,0
-6.8117,-55.5786,316.5,3.4,1.7,2019-08-19,1647,Aqua,MODIS,33,6.03,300.9,38.2,D,0
-6.8128,-55.5525,322.3,3.3,1.7,2019-08-19,1647,Aqua,MODIS,69,6.03,302.1,64.8,D,0
-6.8168,-55.5824,316.3,3.4,1.7,2019-08-19,1647,Aqua,MODIS,27,6.03,301.7,37.1,D,0
-6.6774,-55.4566,321.8,3.3,1.7,2019-08-19,1647,Aqua,MODIS,73,6.03,298.4,62.1,D,0
-6.4682,-55.9336,311.1,3.5,1.8,2019-08-19,1647,Aqua,MODIS,47,6.03,297.3,24.7,D,0
-6.9043,-55.5899,317.1,3.4,1.7,2019-08-19,1647,Aqua,MODIS,67,6.03,301.2,48.6,D,0
-6.9089,-55.5967,317.5,3.4,1.7,2019-08-19,1647,Aqua,MODIS,67,6.03,300.9,51,D,0
-6.461,-55.9301,311.2,3.5,1.8,2019-08-19,1647,Aqua,MODIS,39,6.03,297.4,24.5,D,0
-6.6742,-55.4497,320.3,3.3,1.7,2019-08-19,1647,Aqua,MODIS,63,6.03,298.7,50.6,D,0
-6.9761,-55.4201,307,1,1,2019-08-20,0212,Terra,MODIS,70,6.03,294.7,6.5,N,0
-6.9774,-55.4294,305.9,1,1,2019-08-20,0212,Terra,MODIS,66,6.03,293.5,5.9,N,0
-7.0641,-55.4581,306.3,1,1,2019-08-20,0212,Terra,MODIS,67,6.03,294.2,6.8,N,0
-6.733,-55.6069,321.5,2.5,1.5,2019-08-20,1437,Terra,MODIS,54,6.03,303,45.8,D,0
-6.8576,-55.7275,313.4,2.5,1.5,2019-08-20,1437,Terra,MODIS,55,6.03,299,23.6,D,0
-6.4468,-55.5968,315.6,2.5,1.5,2019-08-20,1437,Terra,MODIS,42,6.03,298.8,27.5,D,0
-6.9997,-55.8655,312.4,2.5,1.5,2019-08-20,1437,Terra,MODIS,51,6.03,298.6,22.1,D,0
-6.9917,-55.6114,326.4,2.6,1.5,2019-08-20,1437,Terra,MODIS,81,6.03,298.6,75.7,D,0
-6.7483,-55.4911,327.3,2.6,1.6,2019-08-20,1437,Terra,MODIS,81,6.03,297.4,67.3,D,0
-6.8171,-55.5531,317.1,2.6,1.5,2019-08-20,1437,Terra,MODIS,53,6.03,300.7,31.3,D,0
-6.8508,-55.7199,316.5,2.5,1.5,2019-08-20,1437,Terra,MODIS,53,6.03,300.4,31.2,D,0
-7.0292,-55.6858,325.6,1.1,1,2019-08-20,1729,Aqua,MODIS,54,6.03,302,14.6,D,0
-7.0689,-55.6531,332.8,1.1,1,2019-08-20,1729,Aqua,MODIS,75,6.03,307.5,24.7,D,0
-6.9986,-55.6089,323.6,1.1,1.1,2019-08-20,1729,Aqua,MODIS,72,6.03,301.9,14.8,D,0
-7.0118,-55.6985,346.6,1.1,1,2019-08-20,1729,Aqua,MODIS,93,6.03,306.7,52.5,D,0
-7.0227,-55.7071,328.3,1.1,1,2019-08-20,1729,Aqua,MODIS,68,6.03,301,19.6,D,0
-7.0306,-55.6957,320.9,1.1,1,2019-08-20,1729,Aqua,MODIS,55,6.03,294.7,10.7,D,0
-6.7025,-55.4019,323.6,1.1,1.1,2019-08-20,1730,Aqua,MODIS,51,6.03,296.7,13.2,D,0
-6.9213,-55.4403,324.1,1.1,1.1,2019-08-20,1730,Aqua,MODIS,51,6.03,305.5,11.2,D,0
-6.7571,-55.5087,324.5,1.1,1.1,2019-08-20,1730,Aqua,MODIS,56,6.03,300.6,15,D,0
-6.8177,-55.7602,319.3,1.1,1,2019-08-20,1730,Aqua,MODIS,43,6.03,299.8,11.1,D,0
-6.7461,-55.4998,326.1,1.1,1.1,2019-08-20,1730,Aqua,MODIS,47,6.03,302.9,15,D,0
-6.4526,-55.9459,317.8,1.1,1,2019-08-20,1730,Aqua,MODIS,48,6.03,301,7.7,D,0
-6.4512,-55.9361,330.5,1.1,1,2019-08-20,1730,Aqua,MODIS,83,6.03,304.9,24.2,D,0
-6.457,-55.9394,335.8,1.1,1,2019-08-20,1730,Aqua,MODIS,87,6.03,303.1,31.8,D,0
-6.5116,-55.9212,317.6,1.1,1,2019-08-20,1730,Aqua,MODIS,62,6.03,302,8.9,D,0
-6.8141,-55.5578,307.9,2.3,1.5,2019-08-21,1342,Terra,MODIS,25,6.03,283.8,15.3,D,0
-7.0157,-55.5263,320.7,1.5,1.2,2019-08-22,1425,Terra,MODIS,71,6.03,294,24.6,D,0
-6.8491,-55.7216,318.1,1.5,1.2,2019-08-22,1425,Terra,MODIS,73,6.03,301.3,18.6,D,0
-6.5456,-55.4945,326.2,1,1,2019-08-22,1717,Aqua,MODIS,81,6.03,296.6,16.6,D,0
-6.5482,-55.5128,346.9,1,1,2019-08-22,1717,Aqua,MODIS,94,6.03,301,48.7,D,0
-6.5469,-55.5036,390.6,1,1,2019-08-22,1717,Aqua,MODIS,100,6.03,303.5,198.5,D,0
-6.5197,-55.6388,316.7,1,1,2019-08-22,1717,Aqua,MODIS,65,6.03,293.5,9.8,D,0
-6.5658,-55.3832,353.6,1,1,2019-08-22,1717,Aqua,MODIS,97,6.03,299.3,61.9,D,0
-6.5671,-55.3923,330.8,1,1,2019-08-22,1717,Aqua,MODIS,84,6.03,297.8,20.6,D,0
-6.521,-55.648,358.5,1,1,2019-08-22,1717,Aqua,MODIS,75,6.03,298.6,80.5,D,0
-6.5357,-55.4745,315.6,1,1,2019-08-24,1412,Terra,MODIS,45,6.03,297.1,9,D,0
-6.537,-55.4652,313.9,1,1,2019-08-24,1412,Terra,MODIS,49,6.03,296,7.9,D,0
-6.7738,-55.4798,314.7,1,1,2019-08-24,1412,Terra,MODIS,36,6.03,292.9,8.2,D,0
-6.5336,-55.5466,322.9,1,1,2019-08-24,1412,Terra,MODIS,62,6.03,294.7,15,D,0
-6.477,-55.4944,315.1,1,1,2019-08-24,1412,Terra,MODIS,48,6.03,298.7,6.7,D,0
-6.5953,-55.4121,313.4,1.4,1.2,2019-08-25,0230,Terra,MODIS,87,6.03,286.7,19.6,N,0
-6.5972,-55.4246,313,1.4,1.2,2019-08-25,0230,Terra,MODIS,86,6.03,285.6,19.3,N,0
-6.8344,-55.4749,342.5,1.1,1,2019-08-26,1400,Terra,MODIS,92,6.03,302.5,43.2,D,0
-6.4473,-55.5962,315.9,1.1,1.1,2019-08-26,1400,Terra,MODIS,33,6.03,295.6,9,D,0
-6.8359,-55.465,334.6,1.1,1,2019-08-26,1400,Terra,MODIS,87,6.03,299.4,27.7,D,0
-6.5809,-55.469,353.7,2.5,1.5,2019-08-26,1653,Aqua,MODIS,97,6.03,298.9,233.6,D,0
-6.5673,-55.4708,344.5,2.5,1.5,2019-08-26,1653,Aqua,MODIS,88,6.03,292.9,166,D,0
-6.5751,-55.4629,361.9,2.5,1.5,2019-08-26,1653,Aqua,MODIS,100,6.03,298.6,312.9,D,0
-6.5839,-55.4911,326.2,2.5,1.5,2019-08-26,1653,Aqua,MODIS,81,6.03,293.2,63.4,D,0
-6.5159,-55.5001,321.9,2.5,1.5,2019-08-26,1653,Aqua,MODIS,65,6.03,299.4,49,D,0
-6.5779,-55.4851,354.1,2.5,1.5,2019-08-26,1653,Aqua,MODIS,97,6.03,295.2,240.9,D,0
-6.5886,-55.4612,316.9,2.5,1.5,2019-08-26,1653,Aqua,MODIS,57,6.03,296.2,29.4,D,0
-6.5915,-55.4833,325.9,2.5,1.5,2019-08-26,1653,Aqua,MODIS,81,6.03,297.4,64.6,D,0
-6.6077,-55.5323,316.1,3.4,1.7,2019-08-27,1443,Terra,MODIS,63,6.03,298,40.5,D,0
-6.9069,-55.3819,353.5,1.4,1.2,2019-08-27,1736,Aqua,MODIS,97,6.03,307.2,98.1,D,0
-6.4721,-55.4805,344.4,1.4,1.2,2019-08-27,1736,Aqua,MODIS,80,6.03,301.1,67.7,D,0
-6.4826,-55.4789,332.7,1.4,1.2,2019-08-27,1736,Aqua,MODIS,44,6.03,304.8,33.4,D,0
-6.4807,-55.4663,348,1.4,1.2,2019-08-27,1736,Aqua,MODIS,94,6.03,308.7,78.3,D,0
-6.495,-55.49,365.2,1.4,1.2,2019-08-27,1736,Aqua,MODIS,100,6.03,305.7,149.3,D,0
-6.4932,-55.4773,354,1.4,1.2,2019-08-27,1736,Aqua,MODIS,97,6.03,304.7,97,D,0
-6.4913,-55.4647,330.9,1.4,1.2,2019-08-27,1736,Aqua,MODIS,77,6.03,303.9,30.2,D,0
-6.4919,-55.4966,324.3,1.4,1.2,2019-08-27,1736,Aqua,MODIS,61,6.03,297.4,20.9,D,0
-6.49,-55.484,347.8,1.4,1.2,2019-08-27,1736,Aqua,MODIS,94,6.03,303.9,80.3,D,0
-6.488,-55.4713,354,1.4,1.2,2019-08-27,1736,Aqua,MODIS,97,6.03,306.6,98.4,D,0
-6.486,-55.4587,331.1,1.4,1.2,2019-08-27,1736,Aqua,MODIS,61,6.03,306.9,32,D,0
-6.607,-55.5121,326.3,1.4,1.2,2019-08-27,1736,Aqua,MODIS,59,6.03,304.6,21.1,D,0
-6.5821,-55.4901,335.3,1.4,1.2,2019-08-27,1736,Aqua,MODIS,83,6.03,305.2,40.2,D,0
-7.041,-55.8068,324.5,1.3,1.1,2019-08-27,1736,Aqua,MODIS,32,6.03,299.9,17.8,D,0
-7.0392,-55.7949,341.8,1.3,1.1,2019-08-27,1736,Aqua,MODIS,90,6.03,306.9,54.6,D,0
-6.6662,-55.4771,324.7,1.4,1.2,2019-08-27,1736,Aqua,MODIS,46,6.03,303.7,20.3,D,0
-6.6213,-55.5354,320.6,1.4,1.2,2019-08-27,1736,Aqua,MODIS,33,6.03,303,12.6,D,0
-6.6051,-55.4997,322.3,1.4,1.2,2019-08-27,1736,Aqua,MODIS,29,6.03,304,14,D,0
-7.0384,-55.7797,318.7,1.8,1.3,2019-08-28,1348,Terra,MODIS,31,6.03,303.7,19,D,0
-6.5176,-55.5623,341.5,1.2,1.1,2019-08-29,0206,Terra,MODIS,100,6.03,297.4,56.7,N,0
-6.5108,-55.5632,305.2,1.1,1.1,2019-08-29,0505,Aqua,MODIS,63,6.03,294.8,6.3,N,0
-6.5123,-55.5533,311.3,1.1,1.1,2019-08-29,0505,Aqua,MODIS,82,6.03,294.3,11.2,N,0
-6.5176,-55.5598,322,1.1,1.1,2019-08-29,0505,Aqua,MODIS,100,6.03,295.3,22.5,N,0
-6.4307,-55.5062,325.4,1.9,1.4,2019-08-29,1430,Terra,MODIS,79,6.03,299.9,39.3,D,0
-6.998,-55.8673,314.6,1.9,1.3,2019-08-29,1431,Terra,MODIS,65,6.03,302.5,18.4,D,0
-6.8476,-55.7146,314.4,1.9,1.3,2019-08-29,1431,Terra,MODIS,64,6.03,301.4,18.2,D,0
-6.6332,-55.5455,319.3,1.9,1.4,2019-08-29,1431,Terra,MODIS,53,6.03,300.1,23.2,D,0
-6.5151,-55.5588,322,1.9,1.4,2019-08-29,1431,Terra,MODIS,67,6.03,301,27.8,D,0
-6.4432,-55.5958,317.6,1.9,1.3,2019-08-29,1431,Terra,MODIS,40,6.03,302.2,20,D,0
-6.8574,-55.7332,313.5,1.9,1.3,2019-08-29,1431,Terra,MODIS,47,6.03,301.1,15.8,D,0
-6.7296,-55.5995,317.3,1.9,1.4,2019-08-29,1431,Terra,MODIS,43,6.03,303,20.4,D,0
-7.0068,-55.8598,320.2,1,1,2019-08-29,1723,Aqua,MODIS,45,6.03,305.9,9,D,0
-7.0484,-55.5058,329.6,1,1,2019-08-29,1723,Aqua,MODIS,76,6.03,303.4,18,D,0
-6.9487,-55.7083,320.6,1,1,2019-08-29,1723,Aqua,MODIS,36,6.03,301.9,11.8,D,0
-7.0497,-55.5149,325.7,1,1,2019-08-29,1723,Aqua,MODIS,70,6.03,303.3,14.3,D,0
-6.4616,-55.4591,354,1,1,2019-08-29,1723,Aqua,MODIS,97,6.03,306.7,62.2,D,0
-6.5969,-55.6922,326.7,1,1,2019-08-29,1723,Aqua,MODIS,71,6.03,304.5,16.2,D,0
-6.5956,-55.6831,329.1,1,1,2019-08-29,1723,Aqua,MODIS,72,6.03,305.1,18.3,D,0
-6.8437,-55.8133,327,1,1,2019-08-29,1723,Aqua,MODIS,79,6.03,301.2,17.1,D,0
-6.8424,-55.8042,316.6,1,1,2019-08-29,1723,Aqua,MODIS,44,6.03,301.4,6.2,D,0
-6.5271,-55.5266,335,1,1,2019-08-29,1723,Aqua,MODIS,81,6.03,307.4,23.2,D,0
-6.991,-55.6226,324,1,1,2019-08-29,1723,Aqua,MODIS,73,6.03,298,15.8,D,0
-6.4539,-55.4696,329.5,1,1,2019-08-29,1724,Aqua,MODIS,55,6.03,303.7,17.7,D,0
-6.4526,-55.4604,331,1,1,2019-08-29,1724,Aqua,MODIS,63,6.03,302,19.7,D,0
-6.4676,-55.9479,350.8,1,1,2019-08-29,1724,Aqua,MODIS,95,6.03,301.9,55.5,D,0
-7.0387,-55.8045,313.1,3.1,1.7,2019-08-30,1336,Terra,MODIS,34,6.03,299,30.1,D,0
-6.4471,-55.5985,312.9,1.2,1.1,2019-08-31,1418,Terra,MODIS,40,6.03,293.4,6.8,D,0
-6.8488,-55.7284,311.8,1.2,1.1,2019-08-31,1418,Terra,MODIS,50,6.03,292.5,8.7,D,0
-6.5222,-55.5315,328.5,1.2,1.1,2019-08-31,1711,Aqua,MODIS,47,6.03,303.4,23,D,0
-7.0065,-55.8597,319.6,1.2,1.1,2019-08-31,1711,Aqua,MODIS,53,6.03,303.5,14.3,D,0
-6.5053,-55.4808,330.9,1.2,1.1,2019-08-31,1711,Aqua,MODIS,82,6.03,298.8,26,D,0
-6.5178,-55.5001,328.1,1.2,1.1,2019-08-31,1711,Aqua,MODIS,58,6.03,300.8,21.1,D,0
